config_pair,contrast_family,left,mean_failure_rate,mean_jaccard,mean_sequence_disagreement,mean_tool_set_disagreement,n_repeat_pairs,pair_label,right,success_gap,task_category,task_id,task_split
"[1, 2]",harness_same_model,"{'config_id': 1, 'harness': 'claude_code', 'model': 'claude-haiku-4-5-20251001', 'success_rate': 1.0}",0.0,1.0,0.033333,0.0,9,c1-c2,"{'config_id': 2, 'harness': 'opencode', 'model': 'claude-haiku-4-5-20251001', 'success_rate': 1.0}",0.0,add_logging,addlog-t2-01,controlled
"[1, 3]",harness_same_model,"{'config_id': 1, 'harness': 'claude_code', 'model': 'claude-haiku-4-5-20251001', 'success_rate': 1.0}",0.0,1.0,0.116667,0.0,9,c1-c3,"{'config_id': 3, 'harness': 'hermes', 'model': 'claude-haiku-4-5-20251001', 'success_rate': 1.0}",0.0,add_logging,addlog-t2-01,controlled
"[1, 4]",mixed_harness_model,"{'config_id': 1, 'harness': 'claude_code', 'model': 'claude-haiku-4-5-20251001', 'success_rate': 1.0}",0.0,0.555556,0.55,0.444444,9,c1-c4,"{'config_id': 4, 'harness': 'opencode', 'model': 'gpt-5.4-mini-2026-03-17', 'success_rate': 1.0}",0.0,add_logging,addlog-t2-01,controlled
"[1, 5]",mixed_harness_model,"{'config_id': 1, 'harness': 'claude_code', 'model': 'claude-haiku-4-5-20251001', 'success_rate': 1.0}",0.0,0.611111,0.638889,0.388889,9,c1-c5,"{'config_id': 5, 'harness': 'hermes', 'model': 'gpt-5.4-mini-2026-03-17', 'success_rate': 1.0}",0.0,add_logging,addlog-t2-01,controlled
"[1, 6]",mixed_harness_model,"{'config_id': 1, 'harness': 'claude_code', 'model': 'claude-haiku-4-5-20251001', 'success_rate': 1.0}",0.0,0.333333,0.725,0.666667,9,c1-c6,"{'config_id': 6, 'harness': 'codex', 'model': 'gpt-5.4-mini-2026-03-17', 'success_rate': 1.0}",0.0,add_logging,addlog-t2-01,controlled
"[2, 3]",harness_same_model,"{'config_id': 2, 'harness': 'opencode', 'model': 'claude-haiku-4-5-20251001', 'success_rate': 1.0}",0.0,1.0,0.133333,0.0,9,c2-c3,"{'config_id': 3, 'harness': 'hermes', 'model': 'claude-haiku-4-5-20251001', 'success_rate': 1.0}",0.0,add_logging,addlog-t2-01,controlled
"[2, 4]",model_swap_same_harness,"{'config_id': 2, 'harness': 'opencode', 'model': 'claude-haiku-4-5-20251001', 'success_rate': 1.0}",0.0,0.555556,0.55,0.444444,9,c2-c4,"{'config_id': 4, 'harness': 'opencode', 'model': 'gpt-5.4-mini-2026-03-17', 'success_rate': 1.0}",0.0,add_logging,addlog-t2-01,controlled
"[2, 5]",mixed_harness_model,"{'config_id': 2, 'harness': 'opencode', 'model': 'claude-haiku-4-5-20251001', 'success_rate': 1.0}",0.0,0.611111,0.616667,0.388889,9,c2-c5,"{'config_id': 5, 'harness': 'hermes', 'model': 'gpt-5.4-mini-2026-03-17', 'success_rate': 1.0}",0.0,add_logging,addlog-t2-01,controlled
"[2, 6]",mixed_harness_model,"{'config_id': 2, 'harness': 'opencode', 'model': 'claude-haiku-4-5-20251001', 'success_rate': 1.0}",0.0,0.333333,0.727778,0.666667,9,c2-c6,"{'config_id': 6, 'harness': 'codex', 'model': 'gpt-5.4-mini-2026-03-17', 'success_rate': 1.0}",0.0,add_logging,addlog-t2-01,controlled
"[3, 4]",mixed_harness_model,"{'config_id': 3, 'harness': 'hermes', 'model': 'claude-haiku-4-5-20251001', 'success_rate': 1.0}",0.0,0.555556,0.566667,0.444444,9,c3-c4,"{'config_id': 4, 'harness': 'opencode', 'model': 'gpt-5.4-mini-2026-03-17', 'success_rate': 1.0}",0.0,add_logging,addlog-t2-01,controlled
"[3, 5]",model_swap_same_harness,"{'config_id': 3, 'harness': 'hermes', 'model': 'claude-haiku-4-5-20251001', 'success_rate': 1.0}",0.0,0.611111,0.57037,0.388889,9,c3-c5,"{'config_id': 5, 'harness': 'hermes', 'model': 'gpt-5.4-mini-2026-03-17', 'success_rate': 1.0}",0.0,add_logging,addlog-t2-01,controlled
"[3, 6]",mixed_harness_model,"{'config_id': 3, 'harness': 'hermes', 'model': 'claude-haiku-4-5-20251001', 'success_rate': 1.0}",0.0,0.333333,0.727778,0.666667,9,c3-c6,"{'config_id': 6, 'harness': 'codex', 'model': 'gpt-5.4-mini-2026-03-17', 'success_rate': 1.0}",0.0,add_logging,addlog-t2-01,controlled
"[4, 5]",harness_same_model,"{'config_id': 4, 'harness': 'opencode', 'model': 'gpt-5.4-mini-2026-03-17', 'success_rate': 1.0}",0.0,0.861111,0.221296,0.138889,9,c4-c5,"{'config_id': 5, 'harness': 'hermes', 'model': 'gpt-5.4-mini-2026-03-17', 'success_rate': 1.0}",0.0,add_logging,addlog-t2-01,controlled
"[4, 6]",harness_same_model,"{'config_id': 4, 'harness': 'opencode', 'model': 'gpt-5.4-mini-2026-03-17', 'success_rate': 1.0}",0.0,0.416667,0.691667,0.583333,9,c4-c6,"{'config_id': 6, 'harness': 'codex', 'model': 'gpt-5.4-mini-2026-03-17', 'success_rate': 1.0}",0.0,add_logging,addlog-t2-01,controlled
"[5, 6]",harness_same_model,"{'config_id': 5, 'harness': 'hermes', 'model': 'gpt-5.4-mini-2026-03-17', 'success_rate': 1.0}",0.0,0.333333,0.746296,0.666667,9,c5-c6,"{'config_id': 6, 'harness': 'codex', 'model': 'gpt-5.4-mini-2026-03-17', 'success_rate': 1.0}",0.0,add_logging,addlog-t2-01,controlled
"[1, 2]",harness_same_model,"{'config_id': 1, 'harness': 'claude_code', 'model': 'claude-haiku-4-5-20251001', 'success_rate': 1.0}",0.0,1.0,0.072222,0.0,9,c1-c2,"{'config_id': 2, 'harness': 'opencode', 'model': 'claude-haiku-4-5-20251001', 'success_rate': 1.0}",0.0,add_logging,addlog-t2-02,controlled
"[1, 3]",harness_same_model,"{'config_id': 1, 'harness': 'claude_code', 'model': 'claude-haiku-4-5-20251001', 'success_rate': 1.0}",0.0,1.0,0.086111,0.0,9,c1-c3,"{'config_id': 3, 'harness': 'hermes', 'model': 'claude-haiku-4-5-20251001', 'success_rate': 1.0}",0.0,add_logging,addlog-t2-02,controlled
"[1, 4]",mixed_harness_model,"{'config_id': 1, 'harness': 'claude_code', 'model': 'claude-haiku-4-5-20251001', 'success_rate': 1.0}",0.0,0.666667,0.466667,0.333333,9,c1-c4,"{'config_id': 4, 'harness': 'opencode', 'model': 'gpt-5.4-mini-2026-03-17', 'success_rate': 1.0}",0.0,add_logging,addlog-t2-02,controlled
"[1, 5]",mixed_harness_model,"{'config_id': 1, 'harness': 'claude_code', 'model': 'claude-haiku-4-5-20251001', 'success_rate': 1.0}",0.0,0.611111,0.550397,0.388889,9,c1-c5,"{'config_id': 5, 'harness': 'hermes', 'model': 'gpt-5.4-mini-2026-03-17', 'success_rate': 1.0}",0.0,add_logging,addlog-t2-02,controlled
"[1, 6]",mixed_harness_model,"{'config_id': 1, 'harness': 'claude_code', 'model': 'claude-haiku-4-5-20251001', 'success_rate': 1.0}",0.0,0.333333,0.723413,0.666667,9,c1-c6,"{'config_id': 6, 'harness': 'codex', 'model': 'gpt-5.4-mini-2026-03-17', 'success_rate': 1.0}",0.0,add_logging,addlog-t2-02,controlled
"[2, 3]",harness_same_model,"{'config_id': 2, 'harness': 'opencode', 'model': 'claude-haiku-4-5-20251001', 'success_rate': 1.0}",0.0,1.0,0.094444,0.0,9,c2-c3,"{'config_id': 3, 'harness': 'hermes', 'model': 'claude-haiku-4-5-20251001', 'success_rate': 1.0}",0.0,add_logging,addlog-t2-02,controlled
"[2, 4]",model_swap_same_harness,"{'config_id': 2, 'harness': 'opencode', 'model': 'claude-haiku-4-5-20251001', 'success_rate': 1.0}",0.0,0.666667,0.466667,0.333333,9,c2-c4,"{'config_id': 4, 'harness': 'opencode', 'model': 'gpt-5.4-mini-2026-03-17', 'success_rate': 1.0}",0.0,add_logging,addlog-t2-02,controlled
"[2, 5]",mixed_harness_model,"{'config_id': 2, 'harness': 'opencode', 'model': 'claude-haiku-4-5-20251001', 'success_rate': 1.0}",0.0,0.611111,0.545238,0.388889,9,c2-c5,"{'config_id': 5, 'harness': 'hermes', 'model': 'gpt-5.4-mini-2026-03-17', 'success_rate': 1.0}",0.0,add_logging,addlog-t2-02,controlled
"[2, 6]",mixed_harness_model,"{'config_id': 2, 'harness': 'opencode', 'model': 'claude-haiku-4-5-20251001', 'success_rate': 1.0}",0.0,0.333333,0.737302,0.666667,9,c2-c6,"{'config_id': 6, 'harness': 'codex', 'model': 'gpt-5.4-mini-2026-03-17', 'success_rate': 1.0}",0.0,add_logging,addlog-t2-02,controlled
"[3, 4]",mixed_harness_model,"{'config_id': 3, 'harness': 'hermes', 'model': 'claude-haiku-4-5-20251001', 'success_rate': 1.0}",0.0,0.666667,0.466667,0.333333,9,c3-c4,"{'config_id': 4, 'harness': 'opencode', 'model': 'gpt-5.4-mini-2026-03-17', 'success_rate': 1.0}",0.0,add_logging,addlog-t2-02,controlled
"[3, 5]",model_swap_same_harness,"{'config_id': 3, 'harness': 'hermes', 'model': 'claude-haiku-4-5-20251001', 'success_rate': 1.0}",0.0,0.611111,0.547222,0.388889,9,c3-c5,"{'config_id': 5, 'harness': 'hermes', 'model': 'gpt-5.4-mini-2026-03-17', 'success_rate': 1.0}",0.0,add_logging,addlog-t2-02,controlled
"[3, 6]",mixed_harness_model,"{'config_id': 3, 'harness': 'hermes', 'model': 'claude-haiku-4-5-20251001', 'success_rate': 1.0}",0.0,0.333333,0.72619,0.666667,9,c3-c6,"{'config_id': 6, 'harness': 'codex', 'model': 'gpt-5.4-mini-2026-03-17', 'success_rate': 1.0}",0.0,add_logging,addlog-t2-02,controlled
"[4, 5]",harness_same_model,"{'config_id': 4, 'harness': 'opencode', 'model': 'gpt-5.4-mini-2026-03-17', 'success_rate': 1.0}",0.0,0.916667,0.122619,0.083333,9,c4-c5,"{'config_id': 5, 'harness': 'hermes', 'model': 'gpt-5.4-mini-2026-03-17', 'success_rate': 1.0}",0.0,add_logging,addlog-t2-02,controlled
"[4, 6]",harness_same_model,"{'config_id': 4, 'harness': 'opencode', 'model': 'gpt-5.4-mini-2026-03-17', 'success_rate': 1.0}",0.0,0.25,0.829762,0.75,9,c4-c6,"{'config_id': 6, 'harness': 'codex', 'model': 'gpt-5.4-mini-2026-03-17', 'success_rate': 1.0}",0.0,add_logging,addlog-t2-02,controlled
"[5, 6]",harness_same_model,"{'config_id': 5, 'harness': 'hermes', 'model': 'gpt-5.4-mini-2026-03-17', 'success_rate': 1.0}",0.0,0.333333,0.759524,0.666667,9,c5-c6,"{'config_id': 6, 'harness': 'codex', 'model': 'gpt-5.4-mini-2026-03-17', 'success_rate': 1.0}",0.0,add_logging,addlog-t2-02,controlled
"[1, 2]",harness_same_model,"{'config_id': 1, 'harness': 'claude_code', 'model': 'claude-haiku-4-5-20251001', 'success_rate': 1.0}",0.0,1.0,0.088889,0.0,9,c1-c2,"{'config_id': 2, 'harness': 'opencode', 'model': 'claude-haiku-4-5-20251001', 'success_rate': 1.0}",0.0,add_logging,addlog-t2-03,controlled
"[1, 3]",harness_same_model,"{'config_id': 1, 'harness': 'claude_code', 'model': 'claude-haiku-4-5-20251001', 'success_rate': 1.0}",0.0,0.888889,0.197222,0.111111,9,c1-c3,"{'config_id': 3, 'harness': 'hermes', 'model': 'claude-haiku-4-5-20251001', 'success_rate': 1.0}",0.0,add_logging,addlog-t2-03,controlled
"[1, 4]",mixed_harness_model,"{'config_id': 1, 'harness': 'claude_code', 'model': 'claude-haiku-4-5-20251001', 'success_rate': 1.0}",0.0,0.555556,0.588889,0.444444,9,c1-c4,"{'config_id': 4, 'harness': 'opencode', 'model': 'gpt-5.4-mini-2026-03-17', 'success_rate': 1.0}",0.0,add_logging,addlog-t2-03,controlled
"[1, 5]",mixed_harness_model,"{'config_id': 1, 'harness': 'claude_code', 'model': 'claude-haiku-4-5-20251001', 'success_rate': 1.0}",0.0,0.666667,0.666667,0.333333,9,c1-c5,"{'config_id': 5, 'harness': 'hermes', 'model': 'gpt-5.4-mini-2026-03-17', 'success_rate': 1.0}",0.0,add_logging,addlog-t2-03,controlled
"[1, 6]",mixed_harness_model,"{'config_id': 1, 'harness': 'claude_code', 'model': 'claude-haiku-4-5-20251001', 'success_rate': 1.0}",0.0,0.333333,0.733333,0.666667,9,c1-c6,"{'config_id': 6, 'harness': 'codex', 'model': 'gpt-5.4-mini-2026-03-17', 'success_rate': 1.0}",0.0,add_logging,addlog-t2-03,controlled
"[2, 3]",harness_same_model,"{'config_id': 2, 'harness': 'opencode', 'model': 'claude-haiku-4-5-20251001', 'success_rate': 1.0}",0.0,0.888889,0.223148,0.111111,9,c2-c3,"{'config_id': 3, 'harness': 'hermes', 'model': 'claude-haiku-4-5-20251001', 'success_rate': 1.0}",0.0,add_logging,addlog-t2-03,controlled
"[2, 4]",model_swap_same_harness,"{'config_id': 2, 'harness': 'opencode', 'model': 'claude-haiku-4-5-20251001', 'success_rate': 1.0}",0.0,0.555556,0.568519,0.444444,9,c2-c4,"{'config_id': 4, 'harness': 'opencode', 'model': 'gpt-5.4-mini-2026-03-17', 'success_rate': 1.0}",0.0,add_logging,addlog-t2-03,controlled
"[2, 5]",mixed_harness_model,"{'config_id': 2, 'harness': 'opencode', 'model': 'claude-haiku-4-5-20251001', 'success_rate': 1.0}",0.0,0.666667,0.577778,0.333333,9,c2-c5,"{'config_id': 5, 'harness': 'hermes', 'model': 'gpt-5.4-mini-2026-03-17', 'success_rate': 1.0}",0.0,add_logging,addlog-t2-03,controlled
"[2, 6]",mixed_harness_model,"{'config_id': 2, 'harness': 'opencode', 'model': 'claude-haiku-4-5-20251001', 'success_rate': 1.0}",0.0,0.333333,0.738889,0.666667,9,c2-c6,"{'config_id': 6, 'harness': 'codex', 'model': 'gpt-5.4-mini-2026-03-17', 'success_rate': 1.0}",0.0,add_logging,addlog-t2-03,controlled
"[3, 4]",mixed_harness_model,"{'config_id': 3, 'harness': 'hermes', 'model': 'claude-haiku-4-5-20251001', 'success_rate': 1.0}",0.0,0.648148,0.464815,0.351852,9,c3-c4,"{'config_id': 4, 'harness': 'opencode', 'model': 'gpt-5.4-mini-2026-03-17', 'success_rate': 1.0}",0.0,add_logging,addlog-t2-03,controlled
"[3, 5]",model_swap_same_harness,"{'config_id': 3, 'harness': 'hermes', 'model': 'claude-haiku-4-5-20251001', 'success_rate': 1.0}",0.0,0.777778,0.469444,0.222222,9,c3-c5,"{'config_id': 5, 'harness': 'hermes', 'model': 'gpt-5.4-mini-2026-03-17', 'success_rate': 1.0}",0.0,add_logging,addlog-t2-03,controlled
"[3, 6]",mixed_harness_model,"{'config_id': 3, 'harness': 'hermes', 'model': 'claude-haiku-4-5-20251001', 'success_rate': 1.0}",0.0,0.305556,0.780556,0.694444,9,c3-c6,"{'config_id': 6, 'harness': 'codex', 'model': 'gpt-5.4-mini-2026-03-17', 'success_rate': 1.0}",0.0,add_logging,addlog-t2-03,controlled
"[4, 5]",harness_same_model,"{'config_id': 4, 'harness': 'opencode', 'model': 'gpt-5.4-mini-2026-03-17', 'success_rate': 1.0}",0.0,0.833333,0.183333,0.166667,9,c4-c5,"{'config_id': 5, 'harness': 'hermes', 'model': 'gpt-5.4-mini-2026-03-17', 'success_rate': 1.0}",0.0,add_logging,addlog-t2-03,controlled
"[4, 6]",harness_same_model,"{'config_id': 4, 'harness': 'opencode', 'model': 'gpt-5.4-mini-2026-03-17', 'success_rate': 1.0}",0.0,0.416667,0.725,0.583333,9,c4-c6,"{'config_id': 6, 'harness': 'codex', 'model': 'gpt-5.4-mini-2026-03-17', 'success_rate': 1.0}",0.0,add_logging,addlog-t2-03,controlled
"[5, 6]",harness_same_model,"{'config_id': 5, 'harness': 'hermes', 'model': 'gpt-5.4-mini-2026-03-17', 'success_rate': 1.0}",0.0,0.25,0.875,0.75,9,c5-c6,"{'config_id': 6, 'harness': 'codex', 'model': 'gpt-5.4-mini-2026-03-17', 'success_rate': 1.0}",0.0,add_logging,addlog-t2-03,controlled
"[1, 2]",harness_same_model,"{'config_id': 1, 'harness': 'claude_code', 'model': 'claude-haiku-4-5-20251001', 'success_rate': 1.0}",0.0,1.0,0.1,0.0,9,c1-c2,"{'config_id': 2, 'harness': 'opencode', 'model': 'claude-haiku-4-5-20251001', 'success_rate': 1.0}",0.0,add_logging,addlog-t2-04,controlled
"[1, 3]",harness_same_model,"{'config_id': 1, 'harness': 'claude_code', 'model': 'claude-haiku-4-5-20251001', 'success_rate': 1.0}",0.0,1.0,0.033333,0.0,9,c1-c3,"{'config_id': 3, 'harness': 'hermes', 'model': 'claude-haiku-4-5-20251001', 'success_rate': 1.0}",0.0,add_logging,addlog-t2-04,controlled
"[1, 4]",mixed_harness_model,"{'config_id': 1, 'harness': 'claude_code', 'model': 'claude-haiku-4-5-20251001', 'success_rate': 1.0}",0.0,0.666667,0.466667,0.333333,9,c1-c4,"{'config_id': 4, 'harness': 'opencode', 'model': 'gpt-5.4-mini-2026-03-17', 'success_rate': 1.0}",0.0,add_logging,addlog-t2-04,controlled
"[1, 5]",mixed_harness_model,"{'config_id': 1, 'harness': 'claude_code', 'model': 'claude-haiku-4-5-20251001', 'success_rate': 1.0}",0.0,0.666667,0.533333,0.333333,9,c1-c5,"{'config_id': 5, 'harness': 'hermes', 'model': 'gpt-5.4-mini-2026-03-17', 'success_rate': 1.0}",0.0,add_logging,addlog-t2-04,controlled
"[1, 6]",mixed_harness_model,"{'config_id': 1, 'harness': 'claude_code', 'model': 'claude-haiku-4-5-20251001', 'success_rate': 1.0}",0.0,0.333333,0.733333,0.666667,9,c1-c6,"{'config_id': 6, 'harness': 'codex', 'model': 'gpt-5.4-mini-2026-03-17', 'success_rate': 1.0}",0.0,add_logging,addlog-t2-04,controlled
"[2, 3]",harness_same_model,"{'config_id': 2, 'harness': 'opencode', 'model': 'claude-haiku-4-5-20251001', 'success_rate': 1.0}",0.0,1.0,0.1,0.0,9,c2-c3,"{'config_id': 3, 'harness': 'hermes', 'model': 'claude-haiku-4-5-20251001', 'success_rate': 1.0}",0.0,add_logging,addlog-t2-04,controlled
"[2, 4]",model_swap_same_harness,"{'config_id': 2, 'harness': 'opencode', 'model': 'claude-haiku-4-5-20251001', 'success_rate': 1.0}",0.0,0.666667,0.466667,0.333333,9,c2-c4,"{'config_id': 4, 'harness': 'opencode', 'model': 'gpt-5.4-mini-2026-03-17', 'success_rate': 1.0}",0.0,add_logging,addlog-t2-04,controlled
"[2, 5]",mixed_harness_model,"{'config_id': 2, 'harness': 'opencode', 'model': 'claude-haiku-4-5-20251001', 'success_rate': 1.0}",0.0,0.666667,0.5,0.333333,9,c2-c5,"{'config_id': 5, 'harness': 'hermes', 'model': 'gpt-5.4-mini-2026-03-17', 'success_rate': 1.0}",0.0,add_logging,addlog-t2-04,controlled
"[2, 6]",mixed_harness_model,"{'config_id': 2, 'harness': 'opencode', 'model': 'claude-haiku-4-5-20251001', 'success_rate': 1.0}",0.0,0.333333,0.733333,0.666667,9,c2-c6,"{'config_id': 6, 'harness': 'codex', 'model': 'gpt-5.4-mini-2026-03-17', 'success_rate': 1.0}",0.0,add_logging,addlog-t2-04,controlled
"[3, 4]",mixed_harness_model,"{'config_id': 3, 'harness': 'hermes', 'model': 'claude-haiku-4-5-20251001', 'success_rate': 1.0}",0.0,0.666667,0.466667,0.333333,9,c3-c4,"{'config_id': 4, 'harness': 'opencode', 'model': 'gpt-5.4-mini-2026-03-17', 'success_rate': 1.0}",0.0,add_logging,addlog-t2-04,controlled
"[3, 5]",model_swap_same_harness,"{'config_id': 3, 'harness': 'hermes', 'model': 'claude-haiku-4-5-20251001', 'success_rate': 1.0}",0.0,0.666667,0.522222,0.333333,9,c3-c5,"{'config_id': 5, 'harness': 'hermes', 'model': 'gpt-5.4-mini-2026-03-17', 'success_rate': 1.0}",0.0,add_logging,addlog-t2-04,controlled
"[3, 6]",mixed_harness_model,"{'config_id': 3, 'harness': 'hermes', 'model': 'claude-haiku-4-5-20251001', 'success_rate': 1.0}",0.0,0.333333,0.733333,0.666667,9,c3-c6,"{'config_id': 6, 'harness': 'codex', 'model': 'gpt-5.4-mini-2026-03-17', 'success_rate': 1.0}",0.0,add_logging,addlog-t2-04,controlled
"[4, 5]",harness_same_model,"{'config_id': 4, 'harness': 'opencode', 'model': 'gpt-5.4-mini-2026-03-17', 'success_rate': 1.0}",0.0,1.0,0.033333,0.0,9,c4-c5,"{'config_id': 5, 'harness': 'hermes', 'model': 'gpt-5.4-mini-2026-03-17', 'success_rate': 1.0}",0.0,add_logging,addlog-t2-04,controlled
"[4, 6]",harness_same_model,"{'config_id': 4, 'harness': 'opencode', 'model': 'gpt-5.4-mini-2026-03-17', 'success_rate': 1.0}",0.0,0.25,0.875,0.75,9,c4-c6,"{'config_id': 6, 'harness': 'codex', 'model': 'gpt-5.4-mini-2026-03-17', 'success_rate': 1.0}",0.0,add_logging,addlog-t2-04,controlled
"[5, 6]",harness_same_model,"{'config_id': 5, 'harness': 'hermes', 'model': 'gpt-5.4-mini-2026-03-17', 'success_rate': 1.0}",0.0,0.25,0.875,0.75,9,c5-c6,"{'config_id': 6, 'harness': 'codex', 'model': 'gpt-5.4-mini-2026-03-17', 'success_rate': 1.0}",0.0,add_logging,addlog-t2-04,controlled
"[1, 2]",harness_same_model,"{'config_id': 1, 'harness': 'claude_code', 'model': 'claude-haiku-4-5-20251001', 'success_rate': 1.0}",0.0,0.707407,0.38869,0.292593,9,c1-c2,"{'config_id': 2, 'harness': 'opencode', 'model': 'claude-haiku-4-5-20251001', 'success_rate': 1.0}",0.0,add_tests,addtests-t2-01,controlled
"[1, 3]",harness_same_model,"{'config_id': 1, 'harness': 'claude_code', 'model': 'claude-haiku-4-5-20251001', 'success_rate': 1.0}",0.0,0.722222,0.341667,0.277778,9,c1-c3,"{'config_id': 3, 'harness': 'hermes', 'model': 'claude-haiku-4-5-20251001', 'success_rate': 1.0}",0.0,add_tests,addtests-t2-01,controlled
"[1, 4]",mixed_harness_model,"{'config_id': 1, 'harness': 'claude_code', 'model': 'claude-haiku-4-5-20251001', 'success_rate': 1.0}",0.0,0.833333,0.339015,0.166667,9,c1-c4,"{'config_id': 4, 'harness': 'opencode', 'model': 'gpt-5.4-mini-2026-03-17', 'success_rate': 1.0}",0.0,add_tests,addtests-t2-01,controlled
"[1, 5]",mixed_harness_model,"{'config_id': 1, 'harness': 'claude_code', 'model': 'claude-haiku-4-5-20251001', 'success_rate': 1.0}",0.0,0.722222,0.401389,0.277778,9,c1-c5,"{'config_id': 5, 'harness': 'hermes', 'model': 'gpt-5.4-mini-2026-03-17', 'success_rate': 1.0}",0.0,add_tests,addtests-t2-01,controlled
"[1, 6]",mixed_harness_model,"{'config_id': 1, 'harness': 'claude_code', 'model': 'claude-haiku-4-5-20251001', 'success_rate': 1.0}",0.0,0.444444,0.636354,0.555556,9,c1-c6,"{'config_id': 6, 'harness': 'codex', 'model': 'gpt-5.4-mini-2026-03-17', 'success_rate': 1.0}",0.0,add_tests,addtests-t2-01,controlled
"[2, 3]",harness_same_model,"{'config_id': 2, 'harness': 'opencode', 'model': 'claude-haiku-4-5-20251001', 'success_rate': 1.0}",0.0,0.644444,0.405071,0.355556,9,c2-c3,"{'config_id': 3, 'harness': 'hermes', 'model': 'claude-haiku-4-5-20251001', 'success_rate': 1.0}",0.0,add_tests,addtests-t2-01,controlled
"[2, 4]",model_swap_same_harness,"{'config_id': 2, 'harness': 'opencode', 'model': 'claude-haiku-4-5-20251001', 'success_rate': 1.0}",0.0,0.783333,0.377443,0.216667,9,c2-c4,"{'config_id': 4, 'harness': 'opencode', 'model': 'gpt-5.4-mini-2026-03-17', 'success_rate': 1.0}",0.0,add_tests,addtests-t2-01,controlled
"[2, 5]",mixed_harness_model,"{'config_id': 2, 'harness': 'opencode', 'model': 'claude-haiku-4-5-20251001', 'success_rate': 1.0}",0.0,0.55,0.535957,0.45,9,c2-c5,"{'config_id': 5, 'harness': 'hermes', 'model': 'gpt-5.4-mini-2026-03-17', 'success_rate': 1.0}",0.0,add_tests,addtests-t2-01,controlled
"[2, 6]",mixed_harness_model,"{'config_id': 2, 'harness': 'opencode', 'model': 'claude-haiku-4-5-20251001', 'success_rate': 1.0}",0.0,0.555556,0.62478,0.444444,9,c2-c6,"{'config_id': 6, 'harness': 'codex', 'model': 'gpt-5.4-mini-2026-03-17', 'success_rate': 1.0}",0.0,add_tests,addtests-t2-01,controlled
"[3, 4]",mixed_harness_model,"{'config_id': 3, 'harness': 'hermes', 'model': 'claude-haiku-4-5-20251001', 'success_rate': 1.0}",0.0,0.75,0.369949,0.25,9,c3-c4,"{'config_id': 4, 'harness': 'opencode', 'model': 'gpt-5.4-mini-2026-03-17', 'success_rate': 1.0}",0.0,add_tests,addtests-t2-01,controlled
"[3, 5]",model_swap_same_harness,"{'config_id': 3, 'harness': 'hermes', 'model': 'claude-haiku-4-5-20251001', 'success_rate': 1.0}",0.0,0.833333,0.313889,0.166667,9,c3-c5,"{'config_id': 5, 'harness': 'hermes', 'model': 'gpt-5.4-mini-2026-03-17', 'success_rate': 1.0}",0.0,add_tests,addtests-t2-01,controlled
"[3, 6]",mixed_harness_model,"{'config_id': 3, 'harness': 'hermes', 'model': 'claude-haiku-4-5-20251001', 'success_rate': 1.0}",0.0,0.388889,0.700287,0.611111,9,c3-c6,"{'config_id': 6, 'harness': 'codex', 'model': 'gpt-5.4-mini-2026-03-17', 'success_rate': 1.0}",0.0,add_tests,addtests-t2-01,controlled
"[4, 5]",harness_same_model,"{'config_id': 4, 'harness': 'opencode', 'model': 'gpt-5.4-mini-2026-03-17', 'success_rate': 1.0}",0.0,0.75,0.338594,0.25,9,c4-c5,"{'config_id': 5, 'harness': 'hermes', 'model': 'gpt-5.4-mini-2026-03-17', 'success_rate': 1.0}",0.0,add_tests,addtests-t2-01,controlled
"[4, 6]",harness_same_model,"{'config_id': 4, 'harness': 'opencode', 'model': 'gpt-5.4-mini-2026-03-17', 'success_rate': 1.0}",0.0,0.5,0.597974,0.5,9,c4-c6,"{'config_id': 6, 'harness': 'codex', 'model': 'gpt-5.4-mini-2026-03-17', 'success_rate': 1.0}",0.0,add_tests,addtests-t2-01,controlled
"[5, 6]",harness_same_model,"{'config_id': 5, 'harness': 'hermes', 'model': 'gpt-5.4-mini-2026-03-17', 'success_rate': 1.0}",0.0,0.25,0.811839,0.75,9,c5-c6,"{'config_id': 6, 'harness': 'codex', 'model': 'gpt-5.4-mini-2026-03-17', 'success_rate': 1.0}",0.0,add_tests,addtests-t2-01,controlled
"[1, 2]",harness_same_model,"{'config_id': 1, 'harness': 'claude_code', 'model': 'claude-haiku-4-5-20251001', 'success_rate': 1.0}",0.0,0.722222,0.402778,0.277778,9,c1-c2,"{'config_id': 2, 'harness': 'opencode', 'model': 'claude-haiku-4-5-20251001', 'success_rate': 1.0}",0.0,add_tests,addtests-t2-02,controlled
"[1, 3]",harness_same_model,"{'config_id': 1, 'harness': 'claude_code', 'model': 'claude-haiku-4-5-20251001', 'success_rate': 1.0}",0.0,0.703704,0.361243,0.296296,9,c1-c3,"{'config_id': 3, 'harness': 'hermes', 'model': 'claude-haiku-4-5-20251001', 'success_rate': 1.0}",0.0,add_tests,addtests-t2-02,controlled
"[1, 4]",mixed_harness_model,"{'config_id': 1, 'harness': 'claude_code', 'model': 'claude-haiku-4-5-20251001', 'success_rate': 1.0}",0.333333,0.833333,0.383708,0.166667,9,c1-c4,"{'config_id': 4, 'harness': 'opencode', 'model': 'gpt-5.4-mini-2026-03-17', 'success_rate': 0.333333}",0.666667,add_tests,addtests-t2-02,controlled
"[1, 5]",mixed_harness_model,"{'config_id': 1, 'harness': 'claude_code', 'model': 'claude-haiku-4-5-20251001', 'success_rate': 1.0}",0.333333,0.796296,0.403042,0.203704,9,c1-c5,"{'config_id': 5, 'harness': 'hermes', 'model': 'gpt-5.4-mini-2026-03-17', 'success_rate': 0.333333}",0.666667,add_tests,addtests-t2-02,controlled
"[1, 6]",mixed_harness_model,"{'config_id': 1, 'harness': 'claude_code', 'model': 'claude-haiku-4-5-20251001', 'success_rate': 1.0}",0.0,0.444444,0.631173,0.555556,9,c1-c6,"{'config_id': 6, 'harness': 'codex', 'model': 'gpt-5.4-mini-2026-03-17', 'success_rate': 1.0}",0.0,add_tests,addtests-t2-02,controlled
"[2, 3]",harness_same_model,"{'config_id': 2, 'harness': 'opencode', 'model': 'claude-haiku-4-5-20251001', 'success_rate': 1.0}",0.0,0.555556,0.513889,0.444444,9,c2-c3,"{'config_id': 3, 'harness': 'hermes', 'model': 'claude-haiku-4-5-20251001', 'success_rate': 1.0}",0.0,add_tests,addtests-t2-02,controlled
"[2, 4]",model_swap_same_harness,"{'config_id': 2, 'harness': 'opencode', 'model': 'claude-haiku-4-5-20251001', 'success_rate': 1.0}",0.333333,0.75,0.324074,0.25,9,c2-c4,"{'config_id': 4, 'harness': 'opencode', 'model': 'gpt-5.4-mini-2026-03-17', 'success_rate': 0.333333}",0.666667,add_tests,addtests-t2-02,controlled
"[2, 5]",mixed_harness_model,"{'config_id': 2, 'harness': 'opencode', 'model': 'claude-haiku-4-5-20251001', 'success_rate': 1.0}",0.333333,0.666667,0.458333,0.333333,9,c2-c5,"{'config_id': 5, 'harness': 'hermes', 'model': 'gpt-5.4-mini-2026-03-17', 'success_rate': 0.333333}",0.666667,add_tests,addtests-t2-02,controlled
"[2, 6]",mixed_harness_model,"{'config_id': 2, 'harness': 'opencode', 'model': 'claude-haiku-4-5-20251001', 'success_rate': 1.0}",0.0,0.666667,0.466049,0.333333,9,c2-c6,"{'config_id': 6, 'harness': 'codex', 'model': 'gpt-5.4-mini-2026-03-17', 'success_rate': 1.0}",0.0,add_tests,addtests-t2-02,controlled
"[3, 4]",mixed_harness_model,"{'config_id': 3, 'harness': 'hermes', 'model': 'claude-haiku-4-5-20251001', 'success_rate': 1.0}",0.333333,0.666667,0.464837,0.333333,9,c3-c4,"{'config_id': 4, 'harness': 'opencode', 'model': 'gpt-5.4-mini-2026-03-17', 'success_rate': 0.333333}",0.666667,add_tests,addtests-t2-02,controlled
"[3, 5]",model_swap_same_harness,"{'config_id': 3, 'harness': 'hermes', 'model': 'claude-haiku-4-5-20251001', 'success_rate': 1.0}",0.333333,0.740741,0.415741,0.259259,9,c3-c5,"{'config_id': 5, 'harness': 'hermes', 'model': 'gpt-5.4-mini-2026-03-17', 'success_rate': 0.333333}",0.666667,add_tests,addtests-t2-02,controlled
"[3, 6]",mixed_harness_model,"{'config_id': 3, 'harness': 'hermes', 'model': 'claude-haiku-4-5-20251001', 'success_rate': 1.0}",0.0,0.277778,0.800926,0.722222,9,c3-c6,"{'config_id': 6, 'harness': 'codex', 'model': 'gpt-5.4-mini-2026-03-17', 'success_rate': 1.0}",0.0,add_tests,addtests-t2-02,controlled
"[4, 5]",harness_same_model,"{'config_id': 4, 'harness': 'opencode', 'model': 'gpt-5.4-mini-2026-03-17', 'success_rate': 0.333333}",0.666667,0.916667,0.184303,0.083333,9,c4-c5,"{'config_id': 5, 'harness': 'hermes', 'model': 'gpt-5.4-mini-2026-03-17', 'success_rate': 0.333333}",0.0,add_tests,addtests-t2-02,controlled
"[4, 6]",harness_same_model,"{'config_id': 4, 'harness': 'opencode', 'model': 'gpt-5.4-mini-2026-03-17', 'success_rate': 0.333333}",0.333333,0.5,0.560185,0.5,9,c4-c6,"{'config_id': 6, 'harness': 'codex', 'model': 'gpt-5.4-mini-2026-03-17', 'success_rate': 1.0}",0.666667,add_tests,addtests-t2-02,controlled
"[5, 6]",harness_same_model,"{'config_id': 5, 'harness': 'hermes', 'model': 'gpt-5.4-mini-2026-03-17', 'success_rate': 0.333333}",0.333333,0.416667,0.685185,0.583333,9,c5-c6,"{'config_id': 6, 'harness': 'codex', 'model': 'gpt-5.4-mini-2026-03-17', 'success_rate': 1.0}",0.666667,add_tests,addtests-t2-02,controlled
"[1, 2]",harness_same_model,"{'config_id': 1, 'harness': 'claude_code', 'model': 'claude-haiku-4-5-20251001', 'success_rate': 1.0}",0.0,0.75,0.392857,0.25,9,c1-c2,"{'config_id': 2, 'harness': 'opencode', 'model': 'claude-haiku-4-5-20251001', 'success_rate': 1.0}",0.0,add_tests,addtests-t2-03,controlled
"[1, 3]",harness_same_model,"{'config_id': 1, 'harness': 'claude_code', 'model': 'claude-haiku-4-5-20251001', 'success_rate': 1.0}",0.0,0.75,0.397751,0.25,9,c1-c3,"{'config_id': 3, 'harness': 'hermes', 'model': 'claude-haiku-4-5-20251001', 'success_rate': 1.0}",0.0,add_tests,addtests-t2-03,controlled
"[1, 4]",mixed_harness_model,"{'config_id': 1, 'harness': 'claude_code', 'model': 'claude-haiku-4-5-20251001', 'success_rate': 1.0}",0.0,0.916667,0.321869,0.083333,9,c1-c4,"{'config_id': 4, 'harness': 'opencode', 'model': 'gpt-5.4-mini-2026-03-17', 'success_rate': 1.0}",0.0,add_tests,addtests-t2-03,controlled
"[1, 5]",mixed_harness_model,"{'config_id': 1, 'harness': 'claude_code', 'model': 'claude-haiku-4-5-20251001', 'success_rate': 1.0}",0.0,0.833333,0.383333,0.166667,9,c1-c5,"{'config_id': 5, 'harness': 'hermes', 'model': 'gpt-5.4-mini-2026-03-17', 'success_rate': 1.0}",0.0,add_tests,addtests-t2-03,controlled
"[1, 6]",mixed_harness_model,"{'config_id': 1, 'harness': 'claude_code', 'model': 'claude-haiku-4-5-20251001', 'success_rate': 1.0}",0.0,0.5,0.594444,0.5,9,c1-c6,"{'config_id': 6, 'harness': 'codex', 'model': 'gpt-5.4-mini-2026-03-17', 'success_rate': 1.0}",0.0,add_tests,addtests-t2-03,controlled
"[2, 3]",harness_same_model,"{'config_id': 2, 'harness': 'opencode', 'model': 'claude-haiku-4-5-20251001', 'success_rate': 1.0}",0.0,0.5,0.539683,0.5,9,c2-c3,"{'config_id': 3, 'harness': 'hermes', 'model': 'claude-haiku-4-5-20251001', 'success_rate': 1.0}",0.0,add_tests,addtests-t2-03,controlled
"[2, 4]",model_swap_same_harness,"{'config_id': 2, 'harness': 'opencode', 'model': 'claude-haiku-4-5-20251001', 'success_rate': 1.0}",0.0,0.666667,0.411927,0.333333,9,c2-c4,"{'config_id': 4, 'harness': 'opencode', 'model': 'gpt-5.4-mini-2026-03-17', 'success_rate': 1.0}",0.0,add_tests,addtests-t2-03,controlled
"[2, 5]",mixed_harness_model,"{'config_id': 2, 'harness': 'opencode', 'model': 'claude-haiku-4-5-20251001', 'success_rate': 1.0}",0.0,0.583333,0.52381,0.416667,9,c2-c5,"{'config_id': 5, 'harness': 'hermes', 'model': 'gpt-5.4-mini-2026-03-17', 'success_rate': 1.0}",0.0,add_tests,addtests-t2-03,controlled
"[2, 6]",mixed_harness_model,"{'config_id': 2, 'harness': 'opencode', 'model': 'claude-haiku-4-5-20251001', 'success_rate': 1.0}",0.0,0.666667,0.436508,0.333333,9,c2-c6,"{'config_id': 6, 'harness': 'codex', 'model': 'gpt-5.4-mini-2026-03-17', 'success_rate': 1.0}",0.0,add_tests,addtests-t2-03,controlled
"[3, 4]",mixed_harness_model,"{'config_id': 3, 'harness': 'hermes', 'model': 'claude-haiku-4-5-20251001', 'success_rate': 1.0}",0.0,0.833333,0.317901,0.166667,9,c3-c4,"{'config_id': 4, 'harness': 'opencode', 'model': 'gpt-5.4-mini-2026-03-17', 'success_rate': 1.0}",0.0,add_tests,addtests-t2-03,controlled
"[3, 5]",model_swap_same_harness,"{'config_id': 3, 'harness': 'hermes', 'model': 'claude-haiku-4-5-20251001', 'success_rate': 1.0}",0.0,0.916667,0.252778,0.083333,9,c3-c5,"{'config_id': 5, 'harness': 'hermes', 'model': 'gpt-5.4-mini-2026-03-17', 'success_rate': 1.0}",0.0,add_tests,addtests-t2-03,controlled
"[3, 6]",mixed_harness_model,"{'config_id': 3, 'harness': 'hermes', 'model': 'claude-haiku-4-5-20251001', 'success_rate': 1.0}",0.0,0.25,0.832143,0.75,9,c3-c6,"{'config_id': 6, 'harness': 'codex', 'model': 'gpt-5.4-mini-2026-03-17', 'success_rate': 1.0}",0.0,add_tests,addtests-t2-03,controlled
"[4, 5]",harness_same_model,"{'config_id': 4, 'harness': 'opencode', 'model': 'gpt-5.4-mini-2026-03-17', 'success_rate': 1.0}",0.0,0.861111,0.265586,0.138889,9,c4-c5,"{'config_id': 5, 'harness': 'hermes', 'model': 'gpt-5.4-mini-2026-03-17', 'success_rate': 1.0}",0.0,add_tests,addtests-t2-03,controlled
"[4, 6]",harness_same_model,"{'config_id': 4, 'harness': 'opencode', 'model': 'gpt-5.4-mini-2026-03-17', 'success_rate': 1.0}",0.0,0.416667,0.696032,0.583333,9,c4-c6,"{'config_id': 6, 'harness': 'codex', 'model': 'gpt-5.4-mini-2026-03-17', 'success_rate': 1.0}",0.0,add_tests,addtests-t2-03,controlled
"[5, 6]",harness_same_model,"{'config_id': 5, 'harness': 'hermes', 'model': 'gpt-5.4-mini-2026-03-17', 'success_rate': 1.0}",0.0,0.333333,0.76746,0.666667,9,c5-c6,"{'config_id': 6, 'harness': 'codex', 'model': 'gpt-5.4-mini-2026-03-17', 'success_rate': 1.0}",0.0,add_tests,addtests-t2-03,controlled
"[1, 2]",harness_same_model,"{'config_id': 1, 'harness': 'claude_code', 'model': 'claude-haiku-4-5-20251001', 'success_rate': 1.0}",0.0,0.67037,0.437302,0.32963,9,c1-c2,"{'config_id': 2, 'harness': 'opencode', 'model': 'claude-haiku-4-5-20251001', 'success_rate': 1.0}",0.0,add_tests,addtests-t2-04,controlled
"[1, 3]",harness_same_model,"{'config_id': 1, 'harness': 'claude_code', 'model': 'claude-haiku-4-5-20251001', 'success_rate': 1.0}",0.0,0.722222,0.400794,0.277778,9,c1-c3,"{'config_id': 3, 'harness': 'hermes', 'model': 'claude-haiku-4-5-20251001', 'success_rate': 1.0}",0.0,add_tests,addtests-t2-04,controlled
"[1, 4]",mixed_harness_model,"{'config_id': 1, 'harness': 'claude_code', 'model': 'claude-haiku-4-5-20251001', 'success_rate': 1.0}",0.0,0.833333,0.39603,0.166667,9,c1-c4,"{'config_id': 4, 'harness': 'opencode', 'model': 'gpt-5.4-mini-2026-03-17', 'success_rate': 1.0}",0.0,add_tests,addtests-t2-04,controlled
"[1, 5]",mixed_harness_model,"{'config_id': 1, 'harness': 'claude_code', 'model': 'claude-haiku-4-5-20251001', 'success_rate': 1.0}",0.0,0.722222,0.448413,0.277778,9,c1-c5,"{'config_id': 5, 'harness': 'hermes', 'model': 'gpt-5.4-mini-2026-03-17', 'success_rate': 1.0}",0.0,add_tests,addtests-t2-04,controlled
"[1, 6]",mixed_harness_model,"{'config_id': 1, 'harness': 'claude_code', 'model': 'claude-haiku-4-5-20251001', 'success_rate': 1.0}",0.0,0.444444,0.61552,0.555556,9,c1-c6,"{'config_id': 6, 'harness': 'codex', 'model': 'gpt-5.4-mini-2026-03-17', 'success_rate': 1.0}",0.0,add_tests,addtests-t2-04,controlled
"[2, 3]",harness_same_model,"{'config_id': 2, 'harness': 'opencode', 'model': 'claude-haiku-4-5-20251001', 'success_rate': 1.0}",0.0,0.466667,0.626455,0.533333,9,c2-c3,"{'config_id': 3, 'harness': 'hermes', 'model': 'claude-haiku-4-5-20251001', 'success_rate': 1.0}",0.0,add_tests,addtests-t2-04,controlled
"[2, 4]",model_swap_same_harness,"{'config_id': 2, 'harness': 'opencode', 'model': 'claude-haiku-4-5-20251001', 'success_rate': 1.0}",0.0,0.7,0.421268,0.3,9,c2-c4,"{'config_id': 4, 'harness': 'opencode', 'model': 'gpt-5.4-mini-2026-03-17', 'success_rate': 1.0}",0.0,add_tests,addtests-t2-04,controlled
"[2, 5]",mixed_harness_model,"{'config_id': 2, 'harness': 'opencode', 'model': 'claude-haiku-4-5-20251001', 'success_rate': 1.0}",0.0,0.466667,0.619841,0.533333,9,c2-c5,"{'config_id': 5, 'harness': 'hermes', 'model': 'gpt-5.4-mini-2026-03-17', 'success_rate': 1.0}",0.0,add_tests,addtests-t2-04,controlled
"[2, 6]",mixed_harness_model,"{'config_id': 2, 'harness': 'opencode', 'model': 'claude-haiku-4-5-20251001', 'success_rate': 1.0}",0.0,0.611111,0.488095,0.388889,9,c2-c6,"{'config_id': 6, 'harness': 'codex', 'model': 'gpt-5.4-mini-2026-03-17', 'success_rate': 1.0}",0.0,add_tests,addtests-t2-04,controlled
"[3, 4]",mixed_harness_model,"{'config_id': 3, 'harness': 'hermes', 'model': 'claude-haiku-4-5-20251001', 'success_rate': 1.0}",0.0,0.75,0.504545,0.25,9,c3-c4,"{'config_id': 4, 'harness': 'opencode', 'model': 'gpt-5.4-mini-2026-03-17', 'success_rate': 1.0}",0.0,add_tests,addtests-t2-04,controlled
"[3, 5]",model_swap_same_harness,"{'config_id': 3, 'harness': 'hermes', 'model': 'claude-haiku-4-5-20251001', 'success_rate': 1.0}",0.0,1.0,0.31746,0.0,9,c3-c5,"{'config_id': 5, 'harness': 'hermes', 'model': 'gpt-5.4-mini-2026-03-17', 'success_rate': 1.0}",0.0,add_tests,addtests-t2-04,controlled
"[3, 6]",mixed_harness_model,"{'config_id': 3, 'harness': 'hermes', 'model': 'claude-haiku-4-5-20251001', 'success_rate': 1.0}",0.0,0.25,0.808862,0.75,9,c3-c6,"{'config_id': 6, 'harness': 'codex', 'model': 'gpt-5.4-mini-2026-03-17', 'success_rate': 1.0}",0.0,add_tests,addtests-t2-04,controlled
"[4, 5]",harness_same_model,"{'config_id': 4, 'harness': 'opencode', 'model': 'gpt-5.4-mini-2026-03-17', 'success_rate': 1.0}",0.0,0.75,0.35303,0.25,9,c4-c5,"{'config_id': 5, 'harness': 'hermes', 'model': 'gpt-5.4-mini-2026-03-17', 'success_rate': 1.0}",0.0,add_tests,addtests-t2-04,controlled
"[4, 6]",harness_same_model,"{'config_id': 4, 'harness': 'opencode', 'model': 'gpt-5.4-mini-2026-03-17', 'success_rate': 1.0}",0.0,0.5,0.625028,0.5,9,c4-c6,"{'config_id': 6, 'harness': 'codex', 'model': 'gpt-5.4-mini-2026-03-17', 'success_rate': 1.0}",0.0,add_tests,addtests-t2-04,controlled
"[5, 6]",harness_same_model,"{'config_id': 5, 'harness': 'hermes', 'model': 'gpt-5.4-mini-2026-03-17', 'success_rate': 1.0}",0.0,0.25,0.846781,0.75,9,c5-c6,"{'config_id': 6, 'harness': 'codex', 'model': 'gpt-5.4-mini-2026-03-17', 'success_rate': 1.0}",0.0,add_tests,addtests-t2-04,controlled
"[1, 2]",harness_same_model,"{'config_id': 1, 'harness': 'claude_code', 'model': 'claude-haiku-4-5-20251001', 'success_rate': 0.333333}",0.666667,0.544444,0.493287,0.455556,9,c1-c2,"{'config_id': 2, 'harness': 'opencode', 'model': 'claude-haiku-4-5-20251001', 'success_rate': 0.333333}",0.0,benchmark,bench-bottle-song,benchmark
"[1, 3]",harness_same_model,"{'config_id': 1, 'harness': 'claude_code', 'model': 'claude-haiku-4-5-20251001', 'success_rate': 0.333333}",0.5,0.933333,0.324129,0.066667,9,c1-c3,"{'config_id': 3, 'harness': 'hermes', 'model': 'claude-haiku-4-5-20251001', 'success_rate': 0.666667}",0.333333,benchmark,bench-bottle-song,benchmark
"[1, 4]",mixed_harness_model,"{'config_id': 1, 'harness': 'claude_code', 'model': 'claude-haiku-4-5-20251001', 'success_rate': 0.333333}",0.333333,0.814815,0.461247,0.185185,9,c1-c4,"{'config_id': 4, 'harness': 'opencode', 'model': 'gpt-5.4-mini-2026-03-17', 'success_rate': 1.0}",0.666667,benchmark,bench-bottle-song,benchmark
"[1, 5]",mixed_harness_model,"{'config_id': 1, 'harness': 'claude_code', 'model': 'claude-haiku-4-5-20251001', 'success_rate': 0.333333}",0.666667,0.933333,0.428704,0.066667,9,c1-c5,"{'config_id': 5, 'harness': 'hermes', 'model': 'gpt-5.4-mini-2026-03-17', 'success_rate': 0.333333}",0.0,benchmark,bench-bottle-song,benchmark
"[1, 6]",mixed_harness_model,"{'config_id': 1, 'harness': 'claude_code', 'model': 'claude-haiku-4-5-20251001', 'success_rate': 0.333333}",0.333333,0.466667,0.560185,0.533333,9,c1-c6,"{'config_id': 6, 'harness': 'codex', 'model': 'gpt-5.4-mini-2026-03-17', 'success_rate': 1.0}",0.666667,benchmark,bench-bottle-song,benchmark
"[2, 3]",harness_same_model,"{'config_id': 2, 'harness': 'opencode', 'model': 'claude-haiku-4-5-20251001', 'success_rate': 0.333333}",0.5,0.583333,0.444201,0.416667,9,c2-c3,"{'config_id': 3, 'harness': 'hermes', 'model': 'claude-haiku-4-5-20251001', 'success_rate': 0.666667}",0.333333,benchmark,bench-bottle-song,benchmark
"[2, 4]",model_swap_same_harness,"{'config_id': 2, 'harness': 'opencode', 'model': 'claude-haiku-4-5-20251001', 'success_rate': 0.333333}",0.333333,0.505556,0.606987,0.494444,9,c2-c4,"{'config_id': 4, 'harness': 'opencode', 'model': 'gpt-5.4-mini-2026-03-17', 'success_rate': 1.0}",0.666667,benchmark,bench-bottle-song,benchmark
"[2, 5]",mixed_harness_model,"{'config_id': 2, 'harness': 'opencode', 'model': 'claude-haiku-4-5-20251001', 'success_rate': 0.333333}",0.666667,0.583333,0.584592,0.416667,9,c2-c5,"{'config_id': 5, 'harness': 'hermes', 'model': 'gpt-5.4-mini-2026-03-17', 'success_rate': 0.333333}",0.0,benchmark,bench-bottle-song,benchmark
"[2, 6]",mixed_harness_model,"{'config_id': 2, 'harness': 'opencode', 'model': 'claude-haiku-4-5-20251001', 'success_rate': 0.333333}",0.333333,0.444444,0.512464,0.555556,9,c2-c6,"{'config_id': 6, 'harness': 'codex', 'model': 'gpt-5.4-mini-2026-03-17', 'success_rate': 1.0}",0.666667,benchmark,bench-bottle-song,benchmark
"[3, 4]",mixed_harness_model,"{'config_id': 3, 'harness': 'hermes', 'model': 'claude-haiku-4-5-20251001', 'success_rate': 0.666667}",0.166667,0.866667,0.346294,0.133333,9,c3-c4,"{'config_id': 4, 'harness': 'opencode', 'model': 'gpt-5.4-mini-2026-03-17', 'success_rate': 1.0}",0.333333,benchmark,bench-bottle-song,benchmark
"[3, 5]",model_swap_same_harness,"{'config_id': 3, 'harness': 'hermes', 'model': 'claude-haiku-4-5-20251001', 'success_rate': 0.666667}",0.5,1.0,0.279655,0.0,9,c3-c5,"{'config_id': 5, 'harness': 'hermes', 'model': 'gpt-5.4-mini-2026-03-17', 'success_rate': 0.333333}",0.333333,benchmark,bench-bottle-song,benchmark
"[3, 6]",mixed_harness_model,"{'config_id': 3, 'harness': 'hermes', 'model': 'claude-haiku-4-5-20251001', 'success_rate': 0.666667}",0.166667,0.5,0.510729,0.5,9,c3-c6,"{'config_id': 6, 'harness': 'codex', 'model': 'gpt-5.4-mini-2026-03-17', 'success_rate': 1.0}",0.333333,benchmark,bench-bottle-song,benchmark
"[4, 5]",harness_same_model,"{'config_id': 4, 'harness': 'opencode', 'model': 'gpt-5.4-mini-2026-03-17', 'success_rate': 1.0}",0.333333,0.866667,0.318431,0.133333,9,c4-c5,"{'config_id': 5, 'harness': 'hermes', 'model': 'gpt-5.4-mini-2026-03-17', 'success_rate': 0.333333}",0.666667,benchmark,bench-bottle-song,benchmark
"[4, 6]",harness_same_model,"{'config_id': 4, 'harness': 'opencode', 'model': 'gpt-5.4-mini-2026-03-17', 'success_rate': 1.0}",0.0,0.433333,0.65617,0.566667,9,c4-c6,"{'config_id': 6, 'harness': 'codex', 'model': 'gpt-5.4-mini-2026-03-17', 'success_rate': 1.0}",0.0,benchmark,bench-bottle-song,benchmark
"[5, 6]",harness_same_model,"{'config_id': 5, 'harness': 'hermes', 'model': 'gpt-5.4-mini-2026-03-17', 'success_rate': 0.333333}",0.333333,0.5,0.608486,0.5,9,c5-c6,"{'config_id': 6, 'harness': 'codex', 'model': 'gpt-5.4-mini-2026-03-17', 'success_rate': 1.0}",0.666667,benchmark,bench-bottle-song,benchmark
"[1, 2]",harness_same_model,"{'config_id': 1, 'harness': 'claude_code', 'model': 'claude-haiku-4-5-20251001', 'success_rate': 0.0}",1.0,1.0,0.199074,0.0,9,c1-c2,"{'config_id': 2, 'harness': 'opencode', 'model': 'claude-haiku-4-5-20251001', 'success_rate': 0.0}",0.0,benchmark,bench-grade-school,benchmark
"[1, 3]",harness_same_model,"{'config_id': 1, 'harness': 'claude_code', 'model': 'claude-haiku-4-5-20251001', 'success_rate': 0.0}",1.0,0.666667,0.465432,0.333333,9,c1-c3,"{'config_id': 3, 'harness': 'hermes', 'model': 'claude-haiku-4-5-20251001', 'success_rate': 0.0}",0.0,benchmark,bench-grade-school,benchmark
"[1, 4]",mixed_harness_model,"{'config_id': 1, 'harness': 'claude_code', 'model': 'claude-haiku-4-5-20251001', 'success_rate': 0.0}",0.833333,0.666667,0.537464,0.333333,9,c1-c4,"{'config_id': 4, 'harness': 'opencode', 'model': 'gpt-5.4-mini-2026-03-17', 'success_rate': 0.333333}",0.333333,benchmark,bench-grade-school,benchmark
"[1, 5]",mixed_harness_model,"{'config_id': 1, 'harness': 'claude_code', 'model': 'claude-haiku-4-5-20251001', 'success_rate': 0.0}",1.0,0.7,0.504938,0.3,9,c1-c5,"{'config_id': 5, 'harness': 'hermes', 'model': 'gpt-5.4-mini-2026-03-17', 'success_rate': 0.0}",0.0,benchmark,bench-grade-school,benchmark
"[1, 6]",mixed_harness_model,"{'config_id': 1, 'harness': 'claude_code', 'model': 'claude-haiku-4-5-20251001', 'success_rate': 0.0}",0.833333,0.666667,0.377778,0.333333,9,c1-c6,"{'config_id': 6, 'harness': 'codex', 'model': 'gpt-5.4-mini-2026-03-17', 'success_rate': 0.333333}",0.333333,benchmark,bench-grade-school,benchmark
"[2, 3]",harness_same_model,"{'config_id': 2, 'harness': 'opencode', 'model': 'claude-haiku-4-5-20251001', 'success_rate': 0.0}",1.0,0.666667,0.477778,0.333333,9,c2-c3,"{'config_id': 3, 'harness': 'hermes', 'model': 'claude-haiku-4-5-20251001', 'success_rate': 0.0}",0.0,benchmark,bench-grade-school,benchmark
"[2, 4]",model_swap_same_harness,"{'config_id': 2, 'harness': 'opencode', 'model': 'claude-haiku-4-5-20251001', 'success_rate': 0.0}",0.833333,0.666667,0.53428,0.333333,9,c2-c4,"{'config_id': 4, 'harness': 'opencode', 'model': 'gpt-5.4-mini-2026-03-17', 'success_rate': 0.333333}",0.333333,benchmark,bench-grade-school,benchmark
"[2, 5]",mixed_harness_model,"{'config_id': 2, 'harness': 'opencode', 'model': 'claude-haiku-4-5-20251001', 'success_rate': 0.0}",1.0,0.7,0.482341,0.3,9,c2-c5,"{'config_id': 5, 'harness': 'hermes', 'model': 'gpt-5.4-mini-2026-03-17', 'success_rate': 0.0}",0.0,benchmark,bench-grade-school,benchmark
"[2, 6]",mixed_harness_model,"{'config_id': 2, 'harness': 'opencode', 'model': 'claude-haiku-4-5-20251001', 'success_rate': 0.0}",0.833333,0.666667,0.385979,0.333333,9,c2-c6,"{'config_id': 6, 'harness': 'codex', 'model': 'gpt-5.4-mini-2026-03-17', 'success_rate': 0.333333}",0.333333,benchmark,bench-grade-school,benchmark
"[3, 4]",mixed_harness_model,"{'config_id': 3, 'harness': 'hermes', 'model': 'claude-haiku-4-5-20251001', 'success_rate': 0.0}",0.833333,0.814815,0.396866,0.185185,9,c3-c4,"{'config_id': 4, 'harness': 'opencode', 'model': 'gpt-5.4-mini-2026-03-17', 'success_rate': 0.333333}",0.333333,benchmark,bench-grade-school,benchmark
"[3, 5]",model_swap_same_harness,"{'config_id': 3, 'harness': 'hermes', 'model': 'claude-haiku-4-5-20251001', 'success_rate': 0.0}",1.0,0.855556,0.338889,0.144444,9,c3-c5,"{'config_id': 5, 'harness': 'hermes', 'model': 'gpt-5.4-mini-2026-03-17', 'success_rate': 0.0}",0.0,benchmark,bench-grade-school,benchmark
"[3, 6]",mixed_harness_model,"{'config_id': 3, 'harness': 'hermes', 'model': 'claude-haiku-4-5-20251001', 'success_rate': 0.0}",0.833333,0.416667,0.630556,0.583333,9,c3-c6,"{'config_id': 6, 'harness': 'codex', 'model': 'gpt-5.4-mini-2026-03-17', 'success_rate': 0.333333}",0.333333,benchmark,bench-grade-school,benchmark
"[4, 5]",harness_same_model,"{'config_id': 4, 'harness': 'opencode', 'model': 'gpt-5.4-mini-2026-03-17', 'success_rate': 0.333333}",0.833333,0.833862,0.280647,0.166138,9,c4-c5,"{'config_id': 5, 'harness': 'hermes', 'model': 'gpt-5.4-mini-2026-03-17', 'success_rate': 0.0}",0.333333,benchmark,bench-grade-school,benchmark
"[4, 6]",harness_same_model,"{'config_id': 4, 'harness': 'opencode', 'model': 'gpt-5.4-mini-2026-03-17', 'success_rate': 0.333333}",0.666667,0.444444,0.687322,0.555556,9,c4-c6,"{'config_id': 6, 'harness': 'codex', 'model': 'gpt-5.4-mini-2026-03-17', 'success_rate': 0.333333}",0.0,benchmark,bench-grade-school,benchmark
"[5, 6]",harness_same_model,"{'config_id': 5, 'harness': 'hermes', 'model': 'gpt-5.4-mini-2026-03-17', 'success_rate': 0.0}",0.833333,0.466667,0.65,0.533333,9,c5-c6,"{'config_id': 6, 'harness': 'codex', 'model': 'gpt-5.4-mini-2026-03-17', 'success_rate': 0.333333}",0.333333,benchmark,bench-grade-school,benchmark
"[1, 2]",harness_same_model,"{'config_id': 1, 'harness': 'claude_code', 'model': 'claude-haiku-4-5-20251001', 'success_rate': 0.0}",1.0,0.833333,0.392172,0.166667,9,c1-c2,"{'config_id': 2, 'harness': 'opencode', 'model': 'claude-haiku-4-5-20251001', 'success_rate': 0.0}",0.0,benchmark,bench-phone-number,benchmark
"[1, 3]",harness_same_model,"{'config_id': 1, 'harness': 'claude_code', 'model': 'claude-haiku-4-5-20251001', 'success_rate': 0.0}",1.0,0.916667,0.358333,0.083333,9,c1-c3,"{'config_id': 3, 'harness': 'hermes', 'model': 'claude-haiku-4-5-20251001', 'success_rate': 0.0}",0.0,benchmark,bench-phone-number,benchmark
"[1, 4]",mixed_harness_model,"{'config_id': 1, 'harness': 'claude_code', 'model': 'claude-haiku-4-5-20251001', 'success_rate': 0.0}",0.833333,0.888889,0.386605,0.111111,9,c1-c4,"{'config_id': 4, 'harness': 'opencode', 'model': 'gpt-5.4-mini-2026-03-17', 'success_rate': 0.333333}",0.333333,benchmark,bench-phone-number,benchmark
"[1, 5]",mixed_harness_model,"{'config_id': 1, 'harness': 'claude_code', 'model': 'claude-haiku-4-5-20251001', 'success_rate': 0.0}",1.0,1.0,0.320525,0.0,9,c1-c5,"{'config_id': 5, 'harness': 'hermes', 'model': 'gpt-5.4-mini-2026-03-17', 'success_rate': 0.0}",0.0,benchmark,bench-phone-number,benchmark
"[1, 6]",mixed_harness_model,"{'config_id': 1, 'harness': 'claude_code', 'model': 'claude-haiku-4-5-20251001', 'success_rate': 0.0}",1.0,0.5,0.546914,0.5,9,c1-c6,"{'config_id': 6, 'harness': 'codex', 'model': 'gpt-5.4-mini-2026-03-17', 'success_rate': 0.0}",0.0,benchmark,bench-phone-number,benchmark
"[2, 3]",harness_same_model,"{'config_id': 2, 'harness': 'opencode', 'model': 'claude-haiku-4-5-20251001', 'success_rate': 0.0}",1.0,0.75,0.431769,0.25,9,c2-c3,"{'config_id': 3, 'harness': 'hermes', 'model': 'claude-haiku-4-5-20251001', 'success_rate': 0.0}",0.0,benchmark,bench-phone-number,benchmark
"[2, 4]",model_swap_same_harness,"{'config_id': 2, 'harness': 'opencode', 'model': 'claude-haiku-4-5-20251001', 'success_rate': 0.0}",0.833333,0.740741,0.463267,0.259259,9,c2-c4,"{'config_id': 4, 'harness': 'opencode', 'model': 'gpt-5.4-mini-2026-03-17', 'success_rate': 0.333333}",0.333333,benchmark,bench-phone-number,benchmark
"[2, 5]",mixed_harness_model,"{'config_id': 2, 'harness': 'opencode', 'model': 'claude-haiku-4-5-20251001', 'success_rate': 0.0}",1.0,0.833333,0.39375,0.166667,9,c2-c5,"{'config_id': 5, 'harness': 'hermes', 'model': 'gpt-5.4-mini-2026-03-17', 'success_rate': 0.0}",0.0,benchmark,bench-phone-number,benchmark
"[2, 6]",mixed_harness_model,"{'config_id': 2, 'harness': 'opencode', 'model': 'claude-haiku-4-5-20251001', 'success_rate': 0.0}",1.0,0.611111,0.410417,0.388889,9,c2-c6,"{'config_id': 6, 'harness': 'codex', 'model': 'gpt-5.4-mini-2026-03-17', 'success_rate': 0.0}",0.0,benchmark,bench-phone-number,benchmark
"[3, 4]",mixed_harness_model,"{'config_id': 3, 'harness': 'hermes', 'model': 'claude-haiku-4-5-20251001', 'success_rate': 0.0}",0.833333,0.814815,0.419421,0.185185,9,c3-c4,"{'config_id': 4, 'harness': 'opencode', 'model': 'gpt-5.4-mini-2026-03-17', 'success_rate': 0.333333}",0.333333,benchmark,bench-phone-number,benchmark
"[3, 5]",model_swap_same_harness,"{'config_id': 3, 'harness': 'hermes', 'model': 'claude-haiku-4-5-20251001', 'success_rate': 0.0}",1.0,0.916667,0.349204,0.083333,9,c3-c5,"{'config_id': 5, 'harness': 'hermes', 'model': 'gpt-5.4-mini-2026-03-17', 'success_rate': 0.0}",0.0,benchmark,bench-phone-number,benchmark
"[3, 6]",mixed_harness_model,"{'config_id': 3, 'harness': 'hermes', 'model': 'claude-haiku-4-5-20251001', 'success_rate': 0.0}",1.0,0.416667,0.630296,0.583333,9,c3-c6,"{'config_id': 6, 'harness': 'codex', 'model': 'gpt-5.4-mini-2026-03-17', 'success_rate': 0.0}",0.0,benchmark,bench-phone-number,benchmark
"[4, 5]",harness_same_model,"{'config_id': 4, 'harness': 'opencode', 'model': 'gpt-5.4-mini-2026-03-17', 'success_rate': 0.333333}",0.833333,0.888889,0.301412,0.111111,9,c4-c5,"{'config_id': 5, 'harness': 'hermes', 'model': 'gpt-5.4-mini-2026-03-17', 'success_rate': 0.0}",0.333333,benchmark,bench-phone-number,benchmark
"[4, 6]",harness_same_model,"{'config_id': 4, 'harness': 'opencode', 'model': 'gpt-5.4-mini-2026-03-17', 'success_rate': 0.333333}",0.833333,0.444444,0.65913,0.555556,9,c4-c6,"{'config_id': 6, 'harness': 'codex', 'model': 'gpt-5.4-mini-2026-03-17', 'success_rate': 0.0}",0.333333,benchmark,bench-phone-number,benchmark
"[5, 6]",harness_same_model,"{'config_id': 5, 'harness': 'hermes', 'model': 'gpt-5.4-mini-2026-03-17', 'success_rate': 0.0}",1.0,0.5,0.596296,0.5,9,c5-c6,"{'config_id': 6, 'harness': 'codex', 'model': 'gpt-5.4-mini-2026-03-17', 'success_rate': 0.0}",0.0,benchmark,bench-phone-number,benchmark
"[1, 2]",harness_same_model,"{'config_id': 1, 'harness': 'claude_code', 'model': 'claude-haiku-4-5-20251001', 'success_rate': 0.666667}",0.333333,0.742593,0.34443,0.257407,9,c1-c2,"{'config_id': 2, 'harness': 'opencode', 'model': 'claude-haiku-4-5-20251001', 'success_rate': 0.666667}",0.0,benchmark,bench-pig-latin,benchmark
"[1, 3]",harness_same_model,"{'config_id': 1, 'harness': 'claude_code', 'model': 'claude-haiku-4-5-20251001', 'success_rate': 0.666667}",0.166667,0.833333,0.313636,0.166667,9,c1-c3,"{'config_id': 3, 'harness': 'hermes', 'model': 'claude-haiku-4-5-20251001', 'success_rate': 1.0}",0.333333,benchmark,bench-pig-latin,benchmark
"[1, 4]",mixed_harness_model,"{'config_id': 1, 'harness': 'claude_code', 'model': 'claude-haiku-4-5-20251001', 'success_rate': 0.666667}",0.166667,0.833333,0.436628,0.166667,9,c1-c4,"{'config_id': 4, 'harness': 'opencode', 'model': 'gpt-5.4-mini-2026-03-17', 'success_rate': 1.0}",0.333333,benchmark,bench-pig-latin,benchmark
"[1, 5]",mixed_harness_model,"{'config_id': 1, 'harness': 'claude_code', 'model': 'claude-haiku-4-5-20251001', 'success_rate': 0.666667}",0.333333,0.833333,0.413404,0.166667,9,c1-c5,"{'config_id': 5, 'harness': 'hermes', 'model': 'gpt-5.4-mini-2026-03-17', 'success_rate': 0.666667}",0.0,benchmark,bench-pig-latin,benchmark
"[1, 6]",mixed_harness_model,"{'config_id': 1, 'harness': 'claude_code', 'model': 'claude-haiku-4-5-20251001', 'success_rate': 0.666667}",0.333333,0.611111,0.422294,0.388889,9,c1-c6,"{'config_id': 6, 'harness': 'codex', 'model': 'gpt-5.4-mini-2026-03-17', 'success_rate': 0.666667}",0.0,benchmark,bench-pig-latin,benchmark
"[2, 3]",harness_same_model,"{'config_id': 2, 'harness': 'opencode', 'model': 'claude-haiku-4-5-20251001', 'success_rate': 0.666667}",0.166667,0.616667,0.442027,0.383333,9,c2-c3,"{'config_id': 3, 'harness': 'hermes', 'model': 'claude-haiku-4-5-20251001', 'success_rate': 1.0}",0.333333,benchmark,bench-pig-latin,benchmark
"[2, 4]",model_swap_same_harness,"{'config_id': 2, 'harness': 'opencode', 'model': 'claude-haiku-4-5-20251001', 'success_rate': 0.666667}",0.166667,0.616667,0.571914,0.383333,9,c2-c4,"{'config_id': 4, 'harness': 'opencode', 'model': 'gpt-5.4-mini-2026-03-17', 'success_rate': 1.0}",0.333333,benchmark,bench-pig-latin,benchmark
"[2, 5]",mixed_harness_model,"{'config_id': 2, 'harness': 'opencode', 'model': 'claude-haiku-4-5-20251001', 'success_rate': 0.666667}",0.333333,0.616667,0.55216,0.383333,9,c2-c5,"{'config_id': 5, 'harness': 'hermes', 'model': 'gpt-5.4-mini-2026-03-17', 'success_rate': 0.666667}",0.0,benchmark,bench-pig-latin,benchmark
"[2, 6]",mixed_harness_model,"{'config_id': 2, 'harness': 'opencode', 'model': 'claude-haiku-4-5-20251001', 'success_rate': 0.666667}",0.333333,0.5,0.467747,0.5,9,c2-c6,"{'config_id': 6, 'harness': 'codex', 'model': 'gpt-5.4-mini-2026-03-17', 'success_rate': 0.666667}",0.0,benchmark,bench-pig-latin,benchmark
"[3, 4]",mixed_harness_model,"{'config_id': 3, 'harness': 'hermes', 'model': 'claude-haiku-4-5-20251001', 'success_rate': 1.0}",0.0,1.0,0.288276,0.0,9,c3-c4,"{'config_id': 4, 'harness': 'opencode', 'model': 'gpt-5.4-mini-2026-03-17', 'success_rate': 1.0}",0.0,benchmark,bench-pig-latin,benchmark
"[3, 5]",model_swap_same_harness,"{'config_id': 3, 'harness': 'hermes', 'model': 'claude-haiku-4-5-20251001', 'success_rate': 1.0}",0.166667,1.0,0.290981,0.0,9,c3-c5,"{'config_id': 5, 'harness': 'hermes', 'model': 'gpt-5.4-mini-2026-03-17', 'success_rate': 0.666667}",0.333333,benchmark,bench-pig-latin,benchmark
"[3, 6]",mixed_harness_model,"{'config_id': 3, 'harness': 'hermes', 'model': 'claude-haiku-4-5-20251001', 'success_rate': 1.0}",0.166667,0.5,0.49531,0.5,9,c3-c6,"{'config_id': 6, 'harness': 'codex', 'model': 'gpt-5.4-mini-2026-03-17', 'success_rate': 0.666667}",0.333333,benchmark,bench-pig-latin,benchmark
"[4, 5]",harness_same_model,"{'config_id': 4, 'harness': 'opencode', 'model': 'gpt-5.4-mini-2026-03-17', 'success_rate': 1.0}",0.166667,1.0,0.202822,0.0,9,c4-c5,"{'config_id': 5, 'harness': 'hermes', 'model': 'gpt-5.4-mini-2026-03-17', 'success_rate': 0.666667}",0.333333,benchmark,bench-pig-latin,benchmark
"[4, 6]",harness_same_model,"{'config_id': 4, 'harness': 'opencode', 'model': 'gpt-5.4-mini-2026-03-17', 'success_rate': 1.0}",0.166667,0.5,0.662302,0.5,9,c4-c6,"{'config_id': 6, 'harness': 'codex', 'model': 'gpt-5.4-mini-2026-03-17', 'success_rate': 0.666667}",0.333333,benchmark,bench-pig-latin,benchmark
"[5, 6]",harness_same_model,"{'config_id': 5, 'harness': 'hermes', 'model': 'gpt-5.4-mini-2026-03-17', 'success_rate': 0.666667}",0.333333,0.5,0.610582,0.5,9,c5-c6,"{'config_id': 6, 'harness': 'codex', 'model': 'gpt-5.4-mini-2026-03-17', 'success_rate': 0.666667}",0.0,benchmark,bench-pig-latin,benchmark
"[1, 2]",harness_same_model,"{'config_id': 1, 'harness': 'claude_code', 'model': 'claude-haiku-4-5-20251001', 'success_rate': 1.0}",0.0,0.888889,0.311728,0.111111,9,c1-c2,"{'config_id': 2, 'harness': 'opencode', 'model': 'claude-haiku-4-5-20251001', 'success_rate': 1.0}",0.0,bug_fix,bugfix-t2-01,controlled
"[1, 3]",harness_same_model,"{'config_id': 1, 'harness': 'claude_code', 'model': 'claude-haiku-4-5-20251001', 'success_rate': 1.0}",0.0,0.675926,0.465893,0.324074,9,c1-c3,"{'config_id': 3, 'harness': 'hermes', 'model': 'claude-haiku-4-5-20251001', 'success_rate': 1.0}",0.0,bug_fix,bugfix-t2-01,controlled
"[1, 4]",mixed_harness_model,"{'config_id': 1, 'harness': 'claude_code', 'model': 'claude-haiku-4-5-20251001', 'success_rate': 1.0}",0.0,0.833333,0.347122,0.166667,9,c1-c4,"{'config_id': 4, 'harness': 'opencode', 'model': 'gpt-5.4-mini-2026-03-17', 'success_rate': 1.0}",0.0,bug_fix,bugfix-t2-01,controlled
"[1, 5]",mixed_harness_model,"{'config_id': 1, 'harness': 'claude_code', 'model': 'claude-haiku-4-5-20251001', 'success_rate': 1.0}",0.0,0.833333,0.367172,0.166667,9,c1-c5,"{'config_id': 5, 'harness': 'hermes', 'model': 'gpt-5.4-mini-2026-03-17', 'success_rate': 1.0}",0.0,bug_fix,bugfix-t2-01,controlled
"[1, 6]",mixed_harness_model,"{'config_id': 1, 'harness': 'claude_code', 'model': 'claude-haiku-4-5-20251001', 'success_rate': 1.0}",0.0,0.611111,0.481692,0.388889,9,c1-c6,"{'config_id': 6, 'harness': 'codex', 'model': 'gpt-5.4-mini-2026-03-17', 'success_rate': 1.0}",0.0,bug_fix,bugfix-t2-01,controlled
"[2, 3]",harness_same_model,"{'config_id': 2, 'harness': 'opencode', 'model': 'claude-haiku-4-5-20251001', 'success_rate': 1.0}",0.0,0.675926,0.467172,0.324074,9,c2-c3,"{'config_id': 3, 'harness': 'hermes', 'model': 'claude-haiku-4-5-20251001', 'success_rate': 1.0}",0.0,bug_fix,bugfix-t2-01,controlled
"[2, 4]",model_swap_same_harness,"{'config_id': 2, 'harness': 'opencode', 'model': 'claude-haiku-4-5-20251001', 'success_rate': 1.0}",0.0,0.833333,0.334315,0.166667,9,c2-c4,"{'config_id': 4, 'harness': 'opencode', 'model': 'gpt-5.4-mini-2026-03-17', 'success_rate': 1.0}",0.0,bug_fix,bugfix-t2-01,controlled
"[2, 5]",mixed_harness_model,"{'config_id': 2, 'harness': 'opencode', 'model': 'claude-haiku-4-5-20251001', 'success_rate': 1.0}",0.0,0.833333,0.426768,0.166667,9,c2-c5,"{'config_id': 5, 'harness': 'hermes', 'model': 'gpt-5.4-mini-2026-03-17', 'success_rate': 1.0}",0.0,bug_fix,bugfix-t2-01,controlled
"[2, 6]",mixed_harness_model,"{'config_id': 2, 'harness': 'opencode', 'model': 'claude-haiku-4-5-20251001', 'success_rate': 1.0}",0.0,0.611111,0.46633,0.388889,9,c2-c6,"{'config_id': 6, 'harness': 'codex', 'model': 'gpt-5.4-mini-2026-03-17', 'success_rate': 1.0}",0.0,bug_fix,bugfix-t2-01,controlled
"[3, 4]",mixed_harness_model,"{'config_id': 3, 'harness': 'hermes', 'model': 'claude-haiku-4-5-20251001', 'success_rate': 1.0}",0.0,0.75,0.401455,0.25,9,c3-c4,"{'config_id': 4, 'harness': 'opencode', 'model': 'gpt-5.4-mini-2026-03-17', 'success_rate': 1.0}",0.0,bug_fix,bugfix-t2-01,controlled
"[3, 5]",model_swap_same_harness,"{'config_id': 3, 'harness': 'hermes', 'model': 'claude-haiku-4-5-20251001', 'success_rate': 1.0}",0.0,0.75,0.363095,0.25,9,c3-c5,"{'config_id': 5, 'harness': 'hermes', 'model': 'gpt-5.4-mini-2026-03-17', 'success_rate': 1.0}",0.0,bug_fix,bugfix-t2-01,controlled
"[3, 6]",mixed_harness_model,"{'config_id': 3, 'harness': 'hermes', 'model': 'claude-haiku-4-5-20251001', 'success_rate': 1.0}",0.0,0.361111,0.722994,0.638889,9,c3-c6,"{'config_id': 6, 'harness': 'codex', 'model': 'gpt-5.4-mini-2026-03-17', 'success_rate': 1.0}",0.0,bug_fix,bugfix-t2-01,controlled
"[4, 5]",harness_same_model,"{'config_id': 4, 'harness': 'opencode', 'model': 'gpt-5.4-mini-2026-03-17', 'success_rate': 1.0}",0.0,1.0,0.149471,0.0,9,c4-c5,"{'config_id': 5, 'harness': 'hermes', 'model': 'gpt-5.4-mini-2026-03-17', 'success_rate': 1.0}",0.0,bug_fix,bugfix-t2-01,controlled
"[4, 6]",harness_same_model,"{'config_id': 4, 'harness': 'opencode', 'model': 'gpt-5.4-mini-2026-03-17', 'success_rate': 1.0}",0.0,0.5,0.579475,0.5,9,c4-c6,"{'config_id': 6, 'harness': 'codex', 'model': 'gpt-5.4-mini-2026-03-17', 'success_rate': 1.0}",0.0,bug_fix,bugfix-t2-01,controlled
"[5, 6]",harness_same_model,"{'config_id': 5, 'harness': 'hermes', 'model': 'gpt-5.4-mini-2026-03-17', 'success_rate': 1.0}",0.0,0.5,0.634259,0.5,9,c5-c6,"{'config_id': 6, 'harness': 'codex', 'model': 'gpt-5.4-mini-2026-03-17', 'success_rate': 1.0}",0.0,bug_fix,bugfix-t2-01,controlled
"[1, 2]",harness_same_model,"{'config_id': 1, 'harness': 'claude_code', 'model': 'claude-haiku-4-5-20251001', 'success_rate': 1.0}",0.0,0.777778,0.298611,0.222222,9,c1-c2,"{'config_id': 2, 'harness': 'opencode', 'model': 'claude-haiku-4-5-20251001', 'success_rate': 1.0}",0.0,bug_fix,bugfix-t2-02,controlled
"[1, 3]",harness_same_model,"{'config_id': 1, 'harness': 'claude_code', 'model': 'claude-haiku-4-5-20251001', 'success_rate': 1.0}",0.0,1.0,0.166667,0.0,9,c1-c3,"{'config_id': 3, 'harness': 'hermes', 'model': 'claude-haiku-4-5-20251001', 'success_rate': 1.0}",0.0,bug_fix,bugfix-t2-02,controlled
"[1, 4]",mixed_harness_model,"{'config_id': 1, 'harness': 'claude_code', 'model': 'claude-haiku-4-5-20251001', 'success_rate': 1.0}",0.0,0.488889,0.55,0.511111,9,c1-c4,"{'config_id': 4, 'harness': 'opencode', 'model': 'gpt-5.4-mini-2026-03-17', 'success_rate': 1.0}",0.0,bug_fix,bugfix-t2-02,controlled
"[1, 5]",mixed_harness_model,"{'config_id': 1, 'harness': 'claude_code', 'model': 'claude-haiku-4-5-20251001', 'success_rate': 1.0}",0.0,0.666667,0.541667,0.333333,9,c1-c5,"{'config_id': 5, 'harness': 'hermes', 'model': 'gpt-5.4-mini-2026-03-17', 'success_rate': 1.0}",0.0,bug_fix,bugfix-t2-02,controlled
"[1, 6]",mixed_harness_model,"{'config_id': 1, 'harness': 'claude_code', 'model': 'claude-haiku-4-5-20251001', 'success_rate': 1.0}",0.0,0.333333,0.759524,0.666667,9,c1-c6,"{'config_id': 6, 'harness': 'codex', 'model': 'gpt-5.4-mini-2026-03-17', 'success_rate': 1.0}",0.0,bug_fix,bugfix-t2-02,controlled
"[2, 3]",harness_same_model,"{'config_id': 2, 'harness': 'opencode', 'model': 'claude-haiku-4-5-20251001', 'success_rate': 1.0}",0.0,0.777778,0.402778,0.222222,9,c2-c3,"{'config_id': 3, 'harness': 'hermes', 'model': 'claude-haiku-4-5-20251001', 'success_rate': 1.0}",0.0,bug_fix,bugfix-t2-02,controlled
"[2, 4]",model_swap_same_harness,"{'config_id': 2, 'harness': 'opencode', 'model': 'claude-haiku-4-5-20251001', 'success_rate': 1.0}",0.0,0.596296,0.475617,0.403704,9,c2-c4,"{'config_id': 4, 'harness': 'opencode', 'model': 'gpt-5.4-mini-2026-03-17', 'success_rate': 1.0}",0.0,bug_fix,bugfix-t2-02,controlled
"[2, 5]",mixed_harness_model,"{'config_id': 2, 'harness': 'opencode', 'model': 'claude-haiku-4-5-20251001', 'success_rate': 1.0}",0.0,0.722222,0.493056,0.277778,9,c2-c5,"{'config_id': 5, 'harness': 'hermes', 'model': 'gpt-5.4-mini-2026-03-17', 'success_rate': 1.0}",0.0,bug_fix,bugfix-t2-02,controlled
"[2, 6]",mixed_harness_model,"{'config_id': 2, 'harness': 'opencode', 'model': 'claude-haiku-4-5-20251001', 'success_rate': 1.0}",0.0,0.416667,0.698016,0.583333,9,c2-c6,"{'config_id': 6, 'harness': 'codex', 'model': 'gpt-5.4-mini-2026-03-17', 'success_rate': 1.0}",0.0,bug_fix,bugfix-t2-02,controlled
"[3, 4]",mixed_harness_model,"{'config_id': 3, 'harness': 'hermes', 'model': 'claude-haiku-4-5-20251001', 'success_rate': 1.0}",0.0,0.488889,0.618519,0.511111,9,c3-c4,"{'config_id': 4, 'harness': 'opencode', 'model': 'gpt-5.4-mini-2026-03-17', 'success_rate': 1.0}",0.0,bug_fix,bugfix-t2-02,controlled
"[3, 5]",model_swap_same_harness,"{'config_id': 3, 'harness': 'hermes', 'model': 'claude-haiku-4-5-20251001', 'success_rate': 1.0}",0.0,0.666667,0.416667,0.333333,9,c3-c5,"{'config_id': 5, 'harness': 'hermes', 'model': 'gpt-5.4-mini-2026-03-17', 'success_rate': 1.0}",0.0,bug_fix,bugfix-t2-02,controlled
"[3, 6]",mixed_harness_model,"{'config_id': 3, 'harness': 'hermes', 'model': 'claude-haiku-4-5-20251001', 'success_rate': 1.0}",0.0,0.333333,0.759524,0.666667,9,c3-c6,"{'config_id': 6, 'harness': 'codex', 'model': 'gpt-5.4-mini-2026-03-17', 'success_rate': 1.0}",0.0,bug_fix,bugfix-t2-02,controlled
"[4, 5]",harness_same_model,"{'config_id': 4, 'harness': 'opencode', 'model': 'gpt-5.4-mini-2026-03-17', 'success_rate': 1.0}",0.0,0.733333,0.375926,0.266667,9,c4-c5,"{'config_id': 5, 'harness': 'hermes', 'model': 'gpt-5.4-mini-2026-03-17', 'success_rate': 1.0}",0.0,bug_fix,bugfix-t2-02,controlled
"[4, 6]",harness_same_model,"{'config_id': 4, 'harness': 'opencode', 'model': 'gpt-5.4-mini-2026-03-17', 'success_rate': 1.0}",0.0,0.35,0.742372,0.65,9,c4-c6,"{'config_id': 6, 'harness': 'codex', 'model': 'gpt-5.4-mini-2026-03-17', 'success_rate': 1.0}",0.0,bug_fix,bugfix-t2-02,controlled
"[5, 6]",harness_same_model,"{'config_id': 5, 'harness': 'hermes', 'model': 'gpt-5.4-mini-2026-03-17', 'success_rate': 1.0}",0.0,0.25,0.80119,0.75,9,c5-c6,"{'config_id': 6, 'harness': 'codex', 'model': 'gpt-5.4-mini-2026-03-17', 'success_rate': 1.0}",0.0,bug_fix,bugfix-t2-02,controlled
"[1, 2]",harness_same_model,"{'config_id': 1, 'harness': 'claude_code', 'model': 'claude-haiku-4-5-20251001', 'success_rate': 0.0}",1.0,0.533333,0.580556,0.466667,9,c1-c2,"{'config_id': 2, 'harness': 'opencode', 'model': 'claude-haiku-4-5-20251001', 'success_rate': 0.0}",0.0,bug_fix,bugfix-t2-03,controlled
"[1, 3]",harness_same_model,"{'config_id': 1, 'harness': 'claude_code', 'model': 'claude-haiku-4-5-20251001', 'success_rate': 0.0}",1.0,0.833333,0.257937,0.166667,9,c1-c3,"{'config_id': 3, 'harness': 'hermes', 'model': 'claude-haiku-4-5-20251001', 'success_rate': 0.0}",0.0,bug_fix,bugfix-t2-03,controlled
"[1, 4]",mixed_harness_model,"{'config_id': 1, 'harness': 'claude_code', 'model': 'claude-haiku-4-5-20251001', 'success_rate': 0.0}",1.0,0.666667,0.488937,0.333333,9,c1-c4,"{'config_id': 4, 'harness': 'opencode', 'model': 'gpt-5.4-mini-2026-03-17', 'success_rate': 0.0}",0.0,bug_fix,bugfix-t2-03,controlled
"[1, 5]",mixed_harness_model,"{'config_id': 1, 'harness': 'claude_code', 'model': 'claude-haiku-4-5-20251001', 'success_rate': 0.0}",1.0,0.694444,0.456349,0.305556,9,c1-c5,"{'config_id': 5, 'harness': 'hermes', 'model': 'gpt-5.4-mini-2026-03-17', 'success_rate': 0.0}",0.0,bug_fix,bugfix-t2-03,controlled
"[1, 6]",mixed_harness_model,"{'config_id': 1, 'harness': 'claude_code', 'model': 'claude-haiku-4-5-20251001', 'success_rate': 0.0}",0.833333,0.388889,0.720459,0.611111,9,c1-c6,"{'config_id': 6, 'harness': 'codex', 'model': 'gpt-5.4-mini-2026-03-17', 'success_rate': 0.333333}",0.333333,bug_fix,bugfix-t2-03,controlled
"[2, 3]",harness_same_model,"{'config_id': 2, 'harness': 'opencode', 'model': 'claude-haiku-4-5-20251001', 'success_rate': 0.0}",1.0,0.5,0.640993,0.5,9,c2-c3,"{'config_id': 3, 'harness': 'hermes', 'model': 'claude-haiku-4-5-20251001', 'success_rate': 0.0}",0.0,bug_fix,bugfix-t2-03,controlled
"[2, 4]",model_swap_same_harness,"{'config_id': 2, 'harness': 'opencode', 'model': 'claude-haiku-4-5-20251001', 'success_rate': 0.0}",1.0,0.6,0.495875,0.4,9,c2-c4,"{'config_id': 4, 'harness': 'opencode', 'model': 'gpt-5.4-mini-2026-03-17', 'success_rate': 0.0}",0.0,bug_fix,bugfix-t2-03,controlled
"[2, 5]",mixed_harness_model,"{'config_id': 2, 'harness': 'opencode', 'model': 'claude-haiku-4-5-20251001', 'success_rate': 0.0}",1.0,0.4,0.711827,0.6,9,c2-c5,"{'config_id': 5, 'harness': 'hermes', 'model': 'gpt-5.4-mini-2026-03-17', 'success_rate': 0.0}",0.0,bug_fix,bugfix-t2-03,controlled
"[2, 6]",mixed_harness_model,"{'config_id': 2, 'harness': 'opencode', 'model': 'claude-haiku-4-5-20251001', 'success_rate': 0.0}",0.833333,0.5,0.594958,0.5,9,c2-c6,"{'config_id': 6, 'harness': 'codex', 'model': 'gpt-5.4-mini-2026-03-17', 'success_rate': 0.333333}",0.333333,bug_fix,bugfix-t2-03,controlled
"[3, 4]",mixed_harness_model,"{'config_id': 3, 'harness': 'hermes', 'model': 'claude-haiku-4-5-20251001', 'success_rate': 0.0}",1.0,0.5,0.627104,0.5,9,c3-c4,"{'config_id': 4, 'harness': 'opencode', 'model': 'gpt-5.4-mini-2026-03-17', 'success_rate': 0.0}",0.0,bug_fix,bugfix-t2-03,controlled
"[3, 5]",model_swap_same_harness,"{'config_id': 3, 'harness': 'hermes', 'model': 'claude-haiku-4-5-20251001', 'success_rate': 0.0}",1.0,0.666667,0.416667,0.333333,9,c3-c5,"{'config_id': 5, 'harness': 'hermes', 'model': 'gpt-5.4-mini-2026-03-17', 'success_rate': 0.0}",0.0,bug_fix,bugfix-t2-03,controlled
"[3, 6]",mixed_harness_model,"{'config_id': 3, 'harness': 'hermes', 'model': 'claude-haiku-4-5-20251001', 'success_rate': 0.0}",0.833333,0.333333,0.775132,0.666667,9,c3-c6,"{'config_id': 6, 'harness': 'codex', 'model': 'gpt-5.4-mini-2026-03-17', 'success_rate': 0.333333}",0.333333,bug_fix,bugfix-t2-03,controlled
"[4, 5]",harness_same_model,"{'config_id': 4, 'harness': 'opencode', 'model': 'gpt-5.4-mini-2026-03-17', 'success_rate': 0.0}",1.0,0.75,0.379209,0.25,9,c4-c5,"{'config_id': 5, 'harness': 'hermes', 'model': 'gpt-5.4-mini-2026-03-17', 'success_rate': 0.0}",0.0,bug_fix,bugfix-t2-03,controlled
"[4, 6]",harness_same_model,"{'config_id': 4, 'harness': 'opencode', 'model': 'gpt-5.4-mini-2026-03-17', 'success_rate': 0.0}",0.833333,0.5,0.606181,0.5,9,c4-c6,"{'config_id': 6, 'harness': 'codex', 'model': 'gpt-5.4-mini-2026-03-17', 'success_rate': 0.333333}",0.333333,bug_fix,bugfix-t2-03,controlled
"[5, 6]",harness_same_model,"{'config_id': 5, 'harness': 'hermes', 'model': 'gpt-5.4-mini-2026-03-17', 'success_rate': 0.0}",0.833333,0.25,0.844577,0.75,9,c5-c6,"{'config_id': 6, 'harness': 'codex', 'model': 'gpt-5.4-mini-2026-03-17', 'success_rate': 0.333333}",0.333333,bug_fix,bugfix-t2-03,controlled
"[1, 2]",harness_same_model,"{'config_id': 1, 'harness': 'claude_code', 'model': 'claude-haiku-4-5-20251001', 'success_rate': 1.0}",0.0,0.731481,0.440432,0.268519,9,c1-c2,"{'config_id': 2, 'harness': 'opencode', 'model': 'claude-haiku-4-5-20251001', 'success_rate': 1.0}",0.0,bug_fix,bugfix-t2-04,controlled
"[1, 3]",harness_same_model,"{'config_id': 1, 'harness': 'claude_code', 'model': 'claude-haiku-4-5-20251001', 'success_rate': 1.0}",0.0,0.833333,0.183333,0.166667,9,c1-c3,"{'config_id': 3, 'harness': 'hermes', 'model': 'claude-haiku-4-5-20251001', 'success_rate': 1.0}",0.0,bug_fix,bugfix-t2-04,controlled
"[1, 4]",mixed_harness_model,"{'config_id': 1, 'harness': 'claude_code', 'model': 'claude-haiku-4-5-20251001', 'success_rate': 1.0}",0.0,0.666667,0.502778,0.333333,9,c1-c4,"{'config_id': 4, 'harness': 'opencode', 'model': 'gpt-5.4-mini-2026-03-17', 'success_rate': 1.0}",0.0,bug_fix,bugfix-t2-04,controlled
"[1, 5]",mixed_harness_model,"{'config_id': 1, 'harness': 'claude_code', 'model': 'claude-haiku-4-5-20251001', 'success_rate': 1.0}",0.0,0.666667,0.527006,0.333333,9,c1-c5,"{'config_id': 5, 'harness': 'hermes', 'model': 'gpt-5.4-mini-2026-03-17', 'success_rate': 1.0}",0.0,bug_fix,bugfix-t2-04,controlled
"[1, 6]",mixed_harness_model,"{'config_id': 1, 'harness': 'claude_code', 'model': 'claude-haiku-4-5-20251001', 'success_rate': 1.0}",0.0,0.388889,0.72134,0.611111,9,c1-c6,"{'config_id': 6, 'harness': 'codex', 'model': 'gpt-5.4-mini-2026-03-17', 'success_rate': 1.0}",0.0,bug_fix,bugfix-t2-04,controlled
"[2, 3]",harness_same_model,"{'config_id': 2, 'harness': 'opencode', 'model': 'claude-haiku-4-5-20251001', 'success_rate': 1.0}",0.0,0.722222,0.451852,0.277778,9,c2-c3,"{'config_id': 3, 'harness': 'hermes', 'model': 'claude-haiku-4-5-20251001', 'success_rate': 1.0}",0.0,bug_fix,bugfix-t2-04,controlled
"[2, 4]",model_swap_same_harness,"{'config_id': 2, 'harness': 'opencode', 'model': 'claude-haiku-4-5-20251001', 'success_rate': 1.0}",0.0,0.75,0.430864,0.25,9,c2-c4,"{'config_id': 4, 'harness': 'opencode', 'model': 'gpt-5.4-mini-2026-03-17', 'success_rate': 1.0}",0.0,bug_fix,bugfix-t2-04,controlled
"[2, 5]",mixed_harness_model,"{'config_id': 2, 'harness': 'opencode', 'model': 'claude-haiku-4-5-20251001', 'success_rate': 1.0}",0.0,0.75,0.451389,0.25,9,c2-c5,"{'config_id': 5, 'harness': 'hermes', 'model': 'gpt-5.4-mini-2026-03-17', 'success_rate': 1.0}",0.0,bug_fix,bugfix-t2-04,controlled
"[2, 6]",mixed_harness_model,"{'config_id': 2, 'harness': 'opencode', 'model': 'claude-haiku-4-5-20251001', 'success_rate': 1.0}",0.0,0.5,0.631283,0.5,9,c2-c6,"{'config_id': 6, 'harness': 'codex', 'model': 'gpt-5.4-mini-2026-03-17', 'success_rate': 1.0}",0.0,bug_fix,bugfix-t2-04,controlled
"[3, 4]",mixed_harness_model,"{'config_id': 3, 'harness': 'hermes', 'model': 'claude-haiku-4-5-20251001', 'success_rate': 1.0}",0.0,0.5,0.6,0.5,9,c3-c4,"{'config_id': 4, 'harness': 'opencode', 'model': 'gpt-5.4-mini-2026-03-17', 'success_rate': 1.0}",0.0,bug_fix,bugfix-t2-04,controlled
"[3, 5]",model_swap_same_harness,"{'config_id': 3, 'harness': 'hermes', 'model': 'claude-haiku-4-5-20251001', 'success_rate': 1.0}",0.0,0.5,0.62963,0.5,9,c3-c5,"{'config_id': 5, 'harness': 'hermes', 'model': 'gpt-5.4-mini-2026-03-17', 'success_rate': 1.0}",0.0,bug_fix,bugfix-t2-04,controlled
"[3, 6]",mixed_harness_model,"{'config_id': 3, 'harness': 'hermes', 'model': 'claude-haiku-4-5-20251001', 'success_rate': 1.0}",0.0,0.333333,0.770172,0.666667,9,c3-c6,"{'config_id': 6, 'harness': 'codex', 'model': 'gpt-5.4-mini-2026-03-17', 'success_rate': 1.0}",0.0,bug_fix,bugfix-t2-04,controlled
"[4, 5]",harness_same_model,"{'config_id': 4, 'harness': 'opencode', 'model': 'gpt-5.4-mini-2026-03-17', 'success_rate': 1.0}",0.0,1.0,0.166667,0.0,9,c4-c5,"{'config_id': 5, 'harness': 'hermes', 'model': 'gpt-5.4-mini-2026-03-17', 'success_rate': 1.0}",0.0,bug_fix,bugfix-t2-04,controlled
"[4, 6]",harness_same_model,"{'config_id': 4, 'harness': 'opencode', 'model': 'gpt-5.4-mini-2026-03-17', 'success_rate': 1.0}",0.0,0.5,0.587522,0.5,9,c4-c6,"{'config_id': 6, 'harness': 'codex', 'model': 'gpt-5.4-mini-2026-03-17', 'success_rate': 1.0}",0.0,bug_fix,bugfix-t2-04,controlled
"[5, 6]",harness_same_model,"{'config_id': 5, 'harness': 'hermes', 'model': 'gpt-5.4-mini-2026-03-17', 'success_rate': 1.0}",0.0,0.5,0.594136,0.5,9,c5-c6,"{'config_id': 6, 'harness': 'codex', 'model': 'gpt-5.4-mini-2026-03-17', 'success_rate': 1.0}",0.0,bug_fix,bugfix-t2-04,controlled
"[1, 2]",harness_same_model,"{'config_id': 1, 'harness': 'claude_code', 'model': 'claude-haiku-4-5-20251001', 'success_rate': 1.0}",0.0,0.6,0.393357,0.4,9,c1-c2,"{'config_id': 2, 'harness': 'opencode', 'model': 'claude-haiku-4-5-20251001', 'success_rate': 1.0}",0.0,rename,rename-t2-01,controlled
"[1, 3]",harness_same_model,"{'config_id': 1, 'harness': 'claude_code', 'model': 'claude-haiku-4-5-20251001', 'success_rate': 1.0}",0.0,1.0,0.125282,0.0,9,c1-c3,"{'config_id': 3, 'harness': 'hermes', 'model': 'claude-haiku-4-5-20251001', 'success_rate': 1.0}",0.0,rename,rename-t2-01,controlled
"[1, 4]",mixed_harness_model,"{'config_id': 1, 'harness': 'claude_code', 'model': 'claude-haiku-4-5-20251001', 'success_rate': 1.0}",0.0,0.8,0.407454,0.2,9,c1-c4,"{'config_id': 4, 'harness': 'opencode', 'model': 'gpt-5.4-mini-2026-03-17', 'success_rate': 1.0}",0.0,rename,rename-t2-01,controlled
"[1, 5]",mixed_harness_model,"{'config_id': 1, 'harness': 'claude_code', 'model': 'claude-haiku-4-5-20251001', 'success_rate': 1.0}",0.0,1.0,0.269255,0.0,9,c1-c5,"{'config_id': 5, 'harness': 'hermes', 'model': 'gpt-5.4-mini-2026-03-17', 'success_rate': 1.0}",0.0,rename,rename-t2-01,controlled
"[1, 6]",mixed_harness_model,"{'config_id': 1, 'harness': 'claude_code', 'model': 'claude-haiku-4-5-20251001', 'success_rate': 1.0}",0.0,0.5,0.626225,0.5,9,c1-c6,"{'config_id': 6, 'harness': 'codex', 'model': 'gpt-5.4-mini-2026-03-17', 'success_rate': 1.0}",0.0,rename,rename-t2-01,controlled
"[2, 3]",harness_same_model,"{'config_id': 2, 'harness': 'opencode', 'model': 'claude-haiku-4-5-20251001', 'success_rate': 1.0}",0.0,0.6,0.400966,0.4,9,c2-c3,"{'config_id': 3, 'harness': 'hermes', 'model': 'claude-haiku-4-5-20251001', 'success_rate': 1.0}",0.0,rename,rename-t2-01,controlled
"[2, 4]",model_swap_same_harness,"{'config_id': 2, 'harness': 'opencode', 'model': 'claude-haiku-4-5-20251001', 'success_rate': 1.0}",0.0,0.8,0.413966,0.2,9,c2-c4,"{'config_id': 4, 'harness': 'opencode', 'model': 'gpt-5.4-mini-2026-03-17', 'success_rate': 1.0}",0.0,rename,rename-t2-01,controlled
"[2, 5]",mixed_harness_model,"{'config_id': 2, 'harness': 'opencode', 'model': 'claude-haiku-4-5-20251001', 'success_rate': 1.0}",0.0,0.6,0.517029,0.4,9,c2-c5,"{'config_id': 5, 'harness': 'hermes', 'model': 'gpt-5.4-mini-2026-03-17', 'success_rate': 1.0}",0.0,rename,rename-t2-01,controlled
"[2, 6]",mixed_harness_model,"{'config_id': 2, 'harness': 'opencode', 'model': 'claude-haiku-4-5-20251001', 'success_rate': 1.0}",0.0,0.5,0.614855,0.5,9,c2-c6,"{'config_id': 6, 'harness': 'codex', 'model': 'gpt-5.4-mini-2026-03-17', 'success_rate': 1.0}",0.0,rename,rename-t2-01,controlled
"[3, 4]",mixed_harness_model,"{'config_id': 3, 'harness': 'hermes', 'model': 'claude-haiku-4-5-20251001', 'success_rate': 1.0}",0.0,0.8,0.389078,0.2,9,c3-c4,"{'config_id': 4, 'harness': 'opencode', 'model': 'gpt-5.4-mini-2026-03-17', 'success_rate': 1.0}",0.0,rename,rename-t2-01,controlled
"[3, 5]",model_swap_same_harness,"{'config_id': 3, 'harness': 'hermes', 'model': 'claude-haiku-4-5-20251001', 'success_rate': 1.0}",0.0,1.0,0.241287,0.0,9,c3-c5,"{'config_id': 5, 'harness': 'hermes', 'model': 'gpt-5.4-mini-2026-03-17', 'success_rate': 1.0}",0.0,rename,rename-t2-01,controlled
"[3, 6]",mixed_harness_model,"{'config_id': 3, 'harness': 'hermes', 'model': 'claude-haiku-4-5-20251001', 'success_rate': 1.0}",0.0,0.5,0.590074,0.5,9,c3-c6,"{'config_id': 6, 'harness': 'codex', 'model': 'gpt-5.4-mini-2026-03-17', 'success_rate': 1.0}",0.0,rename,rename-t2-01,controlled
"[4, 5]",harness_same_model,"{'config_id': 4, 'harness': 'opencode', 'model': 'gpt-5.4-mini-2026-03-17', 'success_rate': 1.0}",0.0,0.8,0.310342,0.2,9,c4-c5,"{'config_id': 5, 'harness': 'hermes', 'model': 'gpt-5.4-mini-2026-03-17', 'success_rate': 1.0}",0.0,rename,rename-t2-01,controlled
"[4, 6]",harness_same_model,"{'config_id': 4, 'harness': 'opencode', 'model': 'gpt-5.4-mini-2026-03-17', 'success_rate': 1.0}",0.0,0.4,0.690367,0.6,9,c4-c6,"{'config_id': 6, 'harness': 'codex', 'model': 'gpt-5.4-mini-2026-03-17', 'success_rate': 1.0}",0.0,rename,rename-t2-01,controlled
"[5, 6]",harness_same_model,"{'config_id': 5, 'harness': 'hermes', 'model': 'gpt-5.4-mini-2026-03-17', 'success_rate': 1.0}",0.0,0.5,0.636889,0.5,9,c5-c6,"{'config_id': 6, 'harness': 'codex', 'model': 'gpt-5.4-mini-2026-03-17', 'success_rate': 1.0}",0.0,rename,rename-t2-01,controlled
"[1, 2]",harness_same_model,"{'config_id': 1, 'harness': 'claude_code', 'model': 'claude-haiku-4-5-20251001', 'success_rate': 1.0}",0.0,0.65,0.445468,0.35,9,c1-c2,"{'config_id': 2, 'harness': 'opencode', 'model': 'claude-haiku-4-5-20251001', 'success_rate': 1.0}",0.0,rename,rename-t2-02,controlled
"[1, 3]",harness_same_model,"{'config_id': 1, 'harness': 'claude_code', 'model': 'claude-haiku-4-5-20251001', 'success_rate': 1.0}",0.0,0.888889,0.212597,0.111111,9,c1-c3,"{'config_id': 3, 'harness': 'hermes', 'model': 'claude-haiku-4-5-20251001', 'success_rate': 1.0}",0.0,rename,rename-t2-02,controlled
"[1, 4]",mixed_harness_model,"{'config_id': 1, 'harness': 'claude_code', 'model': 'claude-haiku-4-5-20251001', 'success_rate': 1.0}",0.0,0.794444,0.409659,0.205556,9,c1-c4,"{'config_id': 4, 'harness': 'opencode', 'model': 'gpt-5.4-mini-2026-03-17', 'success_rate': 1.0}",0.0,rename,rename-t2-02,controlled
"[1, 5]",mixed_harness_model,"{'config_id': 1, 'harness': 'claude_code', 'model': 'claude-haiku-4-5-20251001', 'success_rate': 1.0}",0.0,0.916667,0.316667,0.083333,9,c1-c5,"{'config_id': 5, 'harness': 'hermes', 'model': 'gpt-5.4-mini-2026-03-17', 'success_rate': 1.0}",0.0,rename,rename-t2-02,controlled
"[1, 6]",mixed_harness_model,"{'config_id': 1, 'harness': 'claude_code', 'model': 'claude-haiku-4-5-20251001', 'success_rate': 1.0}",0.0,0.555556,0.609793,0.444444,9,c1-c6,"{'config_id': 6, 'harness': 'codex', 'model': 'gpt-5.4-mini-2026-03-17', 'success_rate': 1.0}",0.0,rename,rename-t2-02,controlled
"[2, 3]",harness_same_model,"{'config_id': 2, 'harness': 'opencode', 'model': 'claude-haiku-4-5-20251001', 'success_rate': 1.0}",0.0,0.65,0.391049,0.35,9,c2-c3,"{'config_id': 3, 'harness': 'hermes', 'model': 'claude-haiku-4-5-20251001', 'success_rate': 1.0}",0.0,rename,rename-t2-02,controlled
"[2, 4]",model_swap_same_harness,"{'config_id': 2, 'harness': 'opencode', 'model': 'claude-haiku-4-5-20251001', 'success_rate': 1.0}",0.0,0.733333,0.451218,0.266667,9,c2-c4,"{'config_id': 4, 'harness': 'opencode', 'model': 'gpt-5.4-mini-2026-03-17', 'success_rate': 1.0}",0.0,rename,rename-t2-02,controlled
"[2, 5]",mixed_harness_model,"{'config_id': 2, 'harness': 'opencode', 'model': 'claude-haiku-4-5-20251001', 'success_rate': 1.0}",0.0,0.6,0.487849,0.4,9,c2-c5,"{'config_id': 5, 'harness': 'hermes', 'model': 'gpt-5.4-mini-2026-03-17', 'success_rate': 1.0}",0.0,rename,rename-t2-02,controlled
"[2, 6]",mixed_harness_model,"{'config_id': 2, 'harness': 'opencode', 'model': 'claude-haiku-4-5-20251001', 'success_rate': 1.0}",0.0,0.5,0.601527,0.5,9,c2-c6,"{'config_id': 6, 'harness': 'codex', 'model': 'gpt-5.4-mini-2026-03-17', 'success_rate': 1.0}",0.0,rename,rename-t2-02,controlled
"[3, 4]",mixed_harness_model,"{'config_id': 3, 'harness': 'hermes', 'model': 'claude-haiku-4-5-20251001', 'success_rate': 1.0}",0.0,0.794444,0.387564,0.205556,9,c3-c4,"{'config_id': 4, 'harness': 'opencode', 'model': 'gpt-5.4-mini-2026-03-17', 'success_rate': 1.0}",0.0,rename,rename-t2-02,controlled
"[3, 5]",model_swap_same_harness,"{'config_id': 3, 'harness': 'hermes', 'model': 'claude-haiku-4-5-20251001', 'success_rate': 1.0}",0.0,0.916667,0.26859,0.083333,9,c3-c5,"{'config_id': 5, 'harness': 'hermes', 'model': 'gpt-5.4-mini-2026-03-17', 'success_rate': 1.0}",0.0,rename,rename-t2-02,controlled
"[3, 6]",mixed_harness_model,"{'config_id': 3, 'harness': 'hermes', 'model': 'claude-haiku-4-5-20251001', 'success_rate': 1.0}",0.0,0.555556,0.545167,0.444444,9,c3-c6,"{'config_id': 6, 'harness': 'codex', 'model': 'gpt-5.4-mini-2026-03-17', 'success_rate': 1.0}",0.0,rename,rename-t2-02,controlled
"[4, 5]",harness_same_model,"{'config_id': 4, 'harness': 'opencode', 'model': 'gpt-5.4-mini-2026-03-17', 'success_rate': 1.0}",0.0,0.866667,0.302015,0.133333,9,c4-c5,"{'config_id': 5, 'harness': 'hermes', 'model': 'gpt-5.4-mini-2026-03-17', 'success_rate': 1.0}",0.0,rename,rename-t2-02,controlled
"[4, 6]",harness_same_model,"{'config_id': 4, 'harness': 'opencode', 'model': 'gpt-5.4-mini-2026-03-17', 'success_rate': 1.0}",0.0,0.433333,0.688798,0.566667,9,c4-c6,"{'config_id': 6, 'harness': 'codex', 'model': 'gpt-5.4-mini-2026-03-17', 'success_rate': 1.0}",0.0,rename,rename-t2-02,controlled
"[5, 6]",harness_same_model,"{'config_id': 5, 'harness': 'hermes', 'model': 'gpt-5.4-mini-2026-03-17', 'success_rate': 1.0}",0.0,0.5,0.631749,0.5,9,c5-c6,"{'config_id': 6, 'harness': 'codex', 'model': 'gpt-5.4-mini-2026-03-17', 'success_rate': 1.0}",0.0,rename,rename-t2-02,controlled
"[1, 2]",harness_same_model,"{'config_id': 1, 'harness': 'claude_code', 'model': 'claude-haiku-4-5-20251001', 'success_rate': 1.0}",0.0,0.6,0.453847,0.4,9,c1-c2,"{'config_id': 2, 'harness': 'opencode', 'model': 'claude-haiku-4-5-20251001', 'success_rate': 1.0}",0.0,rename,rename-t2-03,controlled
"[1, 3]",harness_same_model,"{'config_id': 1, 'harness': 'claude_code', 'model': 'claude-haiku-4-5-20251001', 'success_rate': 1.0}",0.0,0.916667,0.197222,0.083333,9,c1-c3,"{'config_id': 3, 'harness': 'hermes', 'model': 'claude-haiku-4-5-20251001', 'success_rate': 1.0}",0.0,rename,rename-t2-03,controlled
"[1, 4]",mixed_harness_model,"{'config_id': 1, 'harness': 'claude_code', 'model': 'claude-haiku-4-5-20251001', 'success_rate': 1.0}",0.0,0.866667,0.375869,0.133333,9,c1-c4,"{'config_id': 4, 'harness': 'opencode', 'model': 'gpt-5.4-mini-2026-03-17', 'success_rate': 1.0}",0.0,rename,rename-t2-03,controlled
"[1, 5]",mixed_harness_model,"{'config_id': 1, 'harness': 'claude_code', 'model': 'claude-haiku-4-5-20251001', 'success_rate': 1.0}",0.0,1.0,0.277825,0.0,9,c1-c5,"{'config_id': 5, 'harness': 'hermes', 'model': 'gpt-5.4-mini-2026-03-17', 'success_rate': 1.0}",0.0,rename,rename-t2-03,controlled
"[1, 6]",mixed_harness_model,"{'config_id': 1, 'harness': 'claude_code', 'model': 'claude-haiku-4-5-20251001', 'success_rate': 1.0}",0.0,0.5,0.60584,0.5,9,c1-c6,"{'config_id': 6, 'harness': 'codex', 'model': 'gpt-5.4-mini-2026-03-17', 'success_rate': 1.0}",0.0,rename,rename-t2-03,controlled
"[2, 3]",harness_same_model,"{'config_id': 2, 'harness': 'opencode', 'model': 'claude-haiku-4-5-20251001', 'success_rate': 1.0}",0.0,0.65,0.438377,0.35,9,c2-c3,"{'config_id': 3, 'harness': 'hermes', 'model': 'claude-haiku-4-5-20251001', 'success_rate': 1.0}",0.0,rename,rename-t2-03,controlled
"[2, 4]",model_swap_same_harness,"{'config_id': 2, 'harness': 'opencode', 'model': 'claude-haiku-4-5-20251001', 'success_rate': 1.0}",0.0,0.733333,0.445434,0.266667,9,c2-c4,"{'config_id': 4, 'harness': 'opencode', 'model': 'gpt-5.4-mini-2026-03-17', 'success_rate': 1.0}",0.0,rename,rename-t2-03,controlled
"[2, 5]",mixed_harness_model,"{'config_id': 2, 'harness': 'opencode', 'model': 'claude-haiku-4-5-20251001', 'success_rate': 1.0}",0.0,0.6,0.527548,0.4,9,c2-c5,"{'config_id': 5, 'harness': 'hermes', 'model': 'gpt-5.4-mini-2026-03-17', 'success_rate': 1.0}",0.0,rename,rename-t2-03,controlled
"[2, 6]",mixed_harness_model,"{'config_id': 2, 'harness': 'opencode', 'model': 'claude-haiku-4-5-20251001', 'success_rate': 1.0}",0.0,0.5,0.586473,0.5,9,c2-c6,"{'config_id': 6, 'harness': 'codex', 'model': 'gpt-5.4-mini-2026-03-17', 'success_rate': 1.0}",0.0,rename,rename-t2-03,controlled
"[3, 4]",mixed_harness_model,"{'config_id': 3, 'harness': 'hermes', 'model': 'claude-haiku-4-5-20251001', 'success_rate': 1.0}",0.0,0.794444,0.364916,0.205556,9,c3-c4,"{'config_id': 4, 'harness': 'opencode', 'model': 'gpt-5.4-mini-2026-03-17', 'success_rate': 1.0}",0.0,rename,rename-t2-03,controlled
"[3, 5]",model_swap_same_harness,"{'config_id': 3, 'harness': 'hermes', 'model': 'claude-haiku-4-5-20251001', 'success_rate': 1.0}",0.0,0.916667,0.25068,0.083333,9,c3-c5,"{'config_id': 5, 'harness': 'hermes', 'model': 'gpt-5.4-mini-2026-03-17', 'success_rate': 1.0}",0.0,rename,rename-t2-03,controlled
"[3, 6]",mixed_harness_model,"{'config_id': 3, 'harness': 'hermes', 'model': 'claude-haiku-4-5-20251001', 'success_rate': 1.0}",0.0,0.555556,0.575214,0.444444,9,c3-c6,"{'config_id': 6, 'harness': 'codex', 'model': 'gpt-5.4-mini-2026-03-17', 'success_rate': 1.0}",0.0,rename,rename-t2-03,controlled
"[4, 5]",harness_same_model,"{'config_id': 4, 'harness': 'opencode', 'model': 'gpt-5.4-mini-2026-03-17', 'success_rate': 1.0}",0.0,0.866667,0.242904,0.133333,9,c4-c5,"{'config_id': 5, 'harness': 'hermes', 'model': 'gpt-5.4-mini-2026-03-17', 'success_rate': 1.0}",0.0,rename,rename-t2-03,controlled
"[4, 6]",harness_same_model,"{'config_id': 4, 'harness': 'opencode', 'model': 'gpt-5.4-mini-2026-03-17', 'success_rate': 1.0}",0.0,0.433333,0.648133,0.566667,9,c4-c6,"{'config_id': 6, 'harness': 'codex', 'model': 'gpt-5.4-mini-2026-03-17', 'success_rate': 1.0}",0.0,rename,rename-t2-03,controlled
"[5, 6]",harness_same_model,"{'config_id': 5, 'harness': 'hermes', 'model': 'gpt-5.4-mini-2026-03-17', 'success_rate': 1.0}",0.0,0.5,0.639744,0.5,9,c5-c6,"{'config_id': 6, 'harness': 'codex', 'model': 'gpt-5.4-mini-2026-03-17', 'success_rate': 1.0}",0.0,rename,rename-t2-03,controlled
"[1, 2]",harness_same_model,"{'config_id': 1, 'harness': 'claude_code', 'model': 'claude-haiku-4-5-20251001', 'success_rate': 1.0}",0.0,0.65,0.364463,0.35,9,c1-c2,"{'config_id': 2, 'harness': 'opencode', 'model': 'claude-haiku-4-5-20251001', 'success_rate': 1.0}",0.0,rename,rename-t2-04,controlled
"[1, 3]",harness_same_model,"{'config_id': 1, 'harness': 'claude_code', 'model': 'claude-haiku-4-5-20251001', 'success_rate': 1.0}",0.0,0.833333,0.207166,0.166667,9,c1-c3,"{'config_id': 3, 'harness': 'hermes', 'model': 'claude-haiku-4-5-20251001', 'success_rate': 1.0}",0.0,rename,rename-t2-04,controlled
"[1, 4]",mixed_harness_model,"{'config_id': 1, 'harness': 'claude_code', 'model': 'claude-haiku-4-5-20251001', 'success_rate': 1.0}",0.0,0.794444,0.416276,0.205556,9,c1-c4,"{'config_id': 4, 'harness': 'opencode', 'model': 'gpt-5.4-mini-2026-03-17', 'success_rate': 1.0}",0.0,rename,rename-t2-04,controlled
"[1, 5]",mixed_harness_model,"{'config_id': 1, 'harness': 'claude_code', 'model': 'claude-haiku-4-5-20251001', 'success_rate': 1.0}",0.0,0.855556,0.315148,0.144444,9,c1-c5,"{'config_id': 5, 'harness': 'hermes', 'model': 'gpt-5.4-mini-2026-03-17', 'success_rate': 1.0}",0.0,rename,rename-t2-04,controlled
"[1, 6]",mixed_harness_model,"{'config_id': 1, 'harness': 'claude_code', 'model': 'claude-haiku-4-5-20251001', 'success_rate': 1.0}",0.0,0.555556,0.576465,0.444444,9,c1-c6,"{'config_id': 6, 'harness': 'codex', 'model': 'gpt-5.4-mini-2026-03-17', 'success_rate': 1.0}",0.0,rename,rename-t2-04,controlled
"[2, 3]",harness_same_model,"{'config_id': 2, 'harness': 'opencode', 'model': 'claude-haiku-4-5-20251001', 'success_rate': 1.0}",0.0,0.533333,0.427079,0.466667,9,c2-c3,"{'config_id': 3, 'harness': 'hermes', 'model': 'claude-haiku-4-5-20251001', 'success_rate': 1.0}",0.0,rename,rename-t2-04,controlled
"[2, 4]",model_swap_same_harness,"{'config_id': 2, 'harness': 'opencode', 'model': 'claude-haiku-4-5-20251001', 'success_rate': 1.0}",0.0,0.733333,0.441353,0.266667,9,c2-c4,"{'config_id': 4, 'harness': 'opencode', 'model': 'gpt-5.4-mini-2026-03-17', 'success_rate': 1.0}",0.0,rename,rename-t2-04,controlled
"[2, 5]",mixed_harness_model,"{'config_id': 2, 'harness': 'opencode', 'model': 'claude-haiku-4-5-20251001', 'success_rate': 1.0}",0.0,0.566667,0.486753,0.433333,9,c2-c5,"{'config_id': 5, 'harness': 'hermes', 'model': 'gpt-5.4-mini-2026-03-17', 'success_rate': 1.0}",0.0,rename,rename-t2-04,controlled
"[2, 6]",mixed_harness_model,"{'config_id': 2, 'harness': 'opencode', 'model': 'claude-haiku-4-5-20251001', 'success_rate': 1.0}",0.0,0.5,0.590407,0.5,9,c2-c6,"{'config_id': 6, 'harness': 'codex', 'model': 'gpt-5.4-mini-2026-03-17', 'success_rate': 1.0}",0.0,rename,rename-t2-04,controlled
"[3, 4]",mixed_harness_model,"{'config_id': 3, 'harness': 'hermes', 'model': 'claude-haiku-4-5-20251001', 'success_rate': 1.0}",0.0,0.794444,0.41319,0.205556,9,c3-c4,"{'config_id': 4, 'harness': 'opencode', 'model': 'gpt-5.4-mini-2026-03-17', 'success_rate': 1.0}",0.0,rename,rename-t2-04,controlled
"[3, 5]",model_swap_same_harness,"{'config_id': 3, 'harness': 'hermes', 'model': 'claude-haiku-4-5-20251001', 'success_rate': 1.0}",0.0,0.855556,0.294613,0.144444,9,c3-c5,"{'config_id': 5, 'harness': 'hermes', 'model': 'gpt-5.4-mini-2026-03-17', 'success_rate': 1.0}",0.0,rename,rename-t2-04,controlled
"[3, 6]",mixed_harness_model,"{'config_id': 3, 'harness': 'hermes', 'model': 'claude-haiku-4-5-20251001', 'success_rate': 1.0}",0.0,0.416667,0.672674,0.583333,9,c3-c6,"{'config_id': 6, 'harness': 'codex', 'model': 'gpt-5.4-mini-2026-03-17', 'success_rate': 1.0}",0.0,rename,rename-t2-04,controlled
"[4, 5]",harness_same_model,"{'config_id': 4, 'harness': 'opencode', 'model': 'gpt-5.4-mini-2026-03-17', 'success_rate': 1.0}",0.0,0.814815,0.308211,0.185185,9,c4-c5,"{'config_id': 5, 'harness': 'hermes', 'model': 'gpt-5.4-mini-2026-03-17', 'success_rate': 1.0}",0.0,rename,rename-t2-04,controlled
"[4, 6]",harness_same_model,"{'config_id': 4, 'harness': 'opencode', 'model': 'gpt-5.4-mini-2026-03-17', 'success_rate': 1.0}",0.0,0.433333,0.64946,0.566667,9,c4-c6,"{'config_id': 6, 'harness': 'codex', 'model': 'gpt-5.4-mini-2026-03-17', 'success_rate': 1.0}",0.0,rename,rename-t2-04,controlled
"[5, 6]",harness_same_model,"{'config_id': 5, 'harness': 'hermes', 'model': 'gpt-5.4-mini-2026-03-17', 'success_rate': 1.0}",0.0,0.466667,0.642834,0.533333,9,c5-c6,"{'config_id': 6, 'harness': 'codex', 'model': 'gpt-5.4-mini-2026-03-17', 'success_rate': 1.0}",0.0,rename,rename-t2-04,controlled
